24/11/2014,2.37,3000,2289,1.03,0.0088,6.78,32.9,396,1116,1186,48.19,516,7.61,23,12,4
25/11/2014,3.37,4200,2325,1.45,0.0101,6.74,32.6,307,1068,1046,55.01,320,7.63,30,11,1
26/11/2014,4.27,5280,2345,1.82,0.0142,6.64,33.9,415,1038,774,66.99,238,7.66,32,15,2
27/11/2014,5.37,6480,2403,2.23,0.0192,6.74,33.4,379,1194,847,64.75,208,7.68,32,12,6
28/11/2014,7.17,8880,2343,3.06,0.0245,6.58,32.1,401,1116,882,62.36,269,7.58,30,9,-1
29/11/2014,9.78,11760,2412,4.06,0.045,6.69,32.8,561,1122,987,59.08,274,7.54,32,10,4
30/11/2014,9.02,12000,2179,4.14,0.0401,6.84,31.5,293,1068,981,54.98,284,7.53,31,8,-7
01/12/2014,9.6,13200,2108,4.55,0.0514,6.91,30,413,960,874,58.54,304,7.55,29,0,-8
02/12/2014,9.06,12000,2190,4.14,0.0468,6.94,29,332,942,868,60.37,288,7.52,30,2,-7
03/12/2014,8.09,10800,2173,3.72,0.0354,6.71,31,304,1110,967,55.5,312,7.56,30,2,-8
04/12/2014,8.34,10800,2239,3.72,0.0365,6.77,30.7,193,1044,804,64.09,244,7.55,29,2,-8
05/12/2014,7.78,10800,2088,3.72,0.0354,6.72,31,356,1056,736,64.75,240,7.54,30,3,-8
06/12/2014,6.83,10800,1835,3.72,0.0358,6.665,31,253,996,667,63.65,216,7.49,30,6,-4
07/12/2014,8.16,10800,2191,3.72,0.0339,6.62,32,312,1074,769,64.9,192,7.61,31,6,-4
08/12/2014,8.32,10800,2233,3.72,0.035,6.7,32,331,1056,706,68.38,132,7.52,30,5,-4
09/12/2014,9.48,13200,2082,4.55,0.041,6.56,33,280,900,584,71.95,54,7.55,32,5,0
10/12/2014,11.69,16800,2018,5.79,0.0458,6.75,31,346,888,707,64.97,42,7.45,31,7,-4
11/12/2014,12.74,16800,2199,5.79,0.055,6.74,30.6,259,876,787,64.21,36,7.38,29,2,-7
12/12/2014,13.39,18000,2158,6.21,0.0583,6.69,32,274,894,758,64.87,54,7.58,31,3,-8
13/12/2014,13.91,19200,2101,6.62,0.0596,6.66,32,282,858,778,62.97,66,7.55,31,5,-6
14/12/2014,12.56,19200,1897,6.62,0.0602,6.83,32,209,804,655,65.47,54,7.57,30,6,-2
15/12/2014,11.18,18000,1801,6.21,0.0559,6.84,31,351,816,612,66.02,72,7.38,31,6,-7
16/12/2014,11.15,18000,1796,6.21,0.0509,6.86,29,246,768,628,65.03,66,7.58,29,0,-7
17/12/2014,11.42,19200,1725,6.62,0.0649,6.97,29,377,636,629,63.54,58,7.52,29,4,-6
18/12/2014,12.5,20400,1777,7.03,0.0661,7.01,30,265,672,675,62.01,66,7.6,29,9,-2
19/12/2014,13.2,19200,1993,6.62,0.0622,6.89,31,313,726,625,68.64,48,7.4,28,10,-6
20/12/2014,15.58,20400,2215,7.03,0.0591,6.59,31,162,936,734,66.86,54,7.44,30,3,-6
21/12/2014,15.32,21600,2057,7.45,0.0618,6.67,31,284,936,661,67.87,54,7.56,30,2,-6
22/12/2014,14.52,21600,1949,7.45,0.0626,6.62,31,198,960,695,64.34,36,7.57,32,8,-4
14/02/2015,17.62,21600,2366,7.45,0.0752,6.72,34,255,1128,790,66.61,96,7.51,34,17,-4
15/02/2015,18.42,21600,2473,7.45,0.0626,6.61,34,333,1188,831,66.4,90,7.47,33,10,-3
16/02/2015,15.03,21600,2018,7.45,0.0767,6.9,33,263,1008,706,65.01,84,7.53,32,10,-1
17/02/2015,16.45,21600,2209,7.45,0.0737,6.87,33,315,1038,839,62.02,84,7.53,32,10,-6
18/02/2015,15.86,21600,2130,7.45,0.0737,6.81,33,166,978,892,58.12,90,7.48,33,8,-7
19/02/2015,16.01,21600,2150,7.45,0.067,6.674,33,195,1020,898,58.23,84,7.47,33,7,-2
20/02/2015,14.82,21600,1990,7.45,0.076,6.73,32,258,954,753,62.16,90,7.46,32,7,2
21/02/2015,15.89,21600,2134,7.45,0.076,6.71,33,245,1014,796,62.7,98,7.48,32,12,-3
22/02/2015,15.49,21600,2080,7.45,0.0715,6.8,33,202,1008,802,61.44,78,7.47,32,6,-7
23/02/2015,15.09,21600,2026,7.45,0.0804,6.76,33,208,942,802,60.41,60,7.41,32,8,-7
24/02/2015,15.67,21600,2104,7.45,0.067,6.6,33,237,924,787,62.6,54,7.38,33,9,-2
25/02/2015,11.11,17280,1864,5.96,0.0554,6.81,31,242,876,700,62.45,24,7.48,32,8,-3
27/02/2015,9.69,14400,1952,4.97,0.0596,7.14,26,142,870,773,60.4,24,7.53,26,5,-3
28/02/2015,10.23,14880,1994,5.13,0.0647,7.01,26,233,846,793,60.23,30,7.51,25,11,-2
01/03/2015,7.45,11280,1916,3.89,0.0502,7.06,25,221,846,694,63.78,36,7.46,24,15,-1
02/03/2015,8.6,11280,2212,3.89,0.0451,6.86,25,193,1002,701,68.31,36,7.54,24,10,-1
03/03/2015,8.33,11280,2142,3.89,0.0494,6.87,24,195,978,792,63.03,42,7.5,24,6,-5
04/03/2015,6.36,9120,2021,3.14,0.0399,6.8,23,148,966,678,66.45,36,7.49,23,8,-8
05/03/2015,6.87,9600,2076,3.31,0.0341,6.82,24,160,1026,647,68.83,72,7.62,23,12,-4
06/03/2015,9.1,11520,2292,3.97,0.0326,6.51,26,220,1128,640,72.08,48,7.55,25,15,0
07/03/2015,8.74,10560,2400,3.64,0.0251,6.43,27,238,1098,678,71.75,42,7.47,26,13,2
08/03/2015,7.48,10320,2101,3.56,0.021,6.49,29,282,1110,832,60.4,36,7.55,28,8,-4
09/03/2015,8.08,9600,2441,3.31,0.0242,6.6,27,225,1056,630,74.19,42,7.62,27,7,-6
10/03/2015,7.77,9600,2347,3.31,0.0291,6.7,26,189,1032,661,71.84,48,7.6,26,12,-2
11/03/2015,6.45,8400,2226,2.9,0.029,6.68,27,194,882,698,68.64,36,7.52,26,16,-2
12/03/2015,8.36,12720,1907,4.39,0.0469,6.72,26,203,882,699,63.35,30,7.3,27,14,1
13/03/2015,7.78,12000,1881,4.14,0.0343,6.83,29,397,822,685,63.58,36,7.29,28,14,1
14/03/2015,14.94,18000,2407,6.21,0.0602,6.57,32,317,786,738,69.34,42,7.31,31,18,2
15/03/2015,13.55,16560,2373,5.71,0.0617,6.62,33,501,948,933,60.68,78,7.26,32,23,6
16/03/2015,13.11,15840,2400,5.46,0.0568,6.64,35,559,978,617,74.29,48,7.5,33,14,10
17/03/2015,15.35,17520,2541,6.04,0.0646,6.67,35,449,1086,781,69.26,36,7.61,34,12,4
18/03/2015,14.47,18480,2270,6.37,0.0701,6.82,34,475,990,690,69.6,36,7.65,33,18,1
19/03/2015,15.99,18720,2477,6.46,0.062,6.64,35,339,1098,680,72.55,30,7.66,34,22,6
20/03/2015,14.96,18720,2318,6.46,0.0549,6.71,35,349,1122,690,70.23,18,7.74,33,17,7
21/03/2015,12.76,18240,2028,6.29,0.0679,6.92,33,322,948,613,69.77,42,7.77,33,12,3
22/03/2015,15.8,18720,2447,6.46,0.0684,6.72,34,299,1056,835,65.88,48,7.76,32,16,0
23/03/2015,16.48,19680,2428,6.79,0.0556,6.65,34,331,996,790,67.46,60,7.66,33,20,2
24/03/2015,16.09,19440,2400,6.7,0.0677,6.64,35,405,996,713,70.29,42,7.65,34,20,5
25/03/2015,15.92,19680,2346,6.79,0.0685,6.72,36,528,984,722,69.22,42,7.69,34,22,4
26/03/2015,16.46,19440,2455,6.7,0.0704,6.81,35,399,1050,734,70.1,54,7.77,34,21,4
27/03/2015,14.91,18240,2371,6.29,0.0686,6.99,36,405,1068,774,67.36,30,7.87,35,24,9
28/03/2015,13.13,18240,2087,6.29,0.0679,6.78,35,461,1068,760,63.58,30,7.86,34,24,6
29/03/2015,11.65,17760,1902,6.12,0.0502,6.71,35,335,768,766,59.73,30,7.76,35,26,9
30/03/2015,10.35,17040,1761,5.88,0.0658,7.12,35,657,720,658,62.63,12,7.79,34,22,9
31/03/2015,10.69,18960,1635,6.54,0.0719,6.8,34,323,708,863,47.22,54,7.62,33,15,7
01/04/2015,11.46,18480,1799,6.37,0.0484,6.69,33,486,768,696,61.31,18,7.55,32,10,8
02/04/2015,11.82,19680,1742,6.79,0.0441,6.62,33,307,678,627,64.01,12,7.54,31,14,5
03/04/2015,13.53,19200,2043,6.62,0.0463,6.62,34,837,1008,682,66.62,18,7.74,31,15,4
04/04/2015,12.53,18480,1966,6.37,0.0586,6.73,34,1331,924,612,68.87,36,7.7,32,18,4
05/04/2015,11.96,18720,1853,6.46,0.0568,6.91,35,787,822,625,66.27,36,7.6,31,10,3
06/04/2015,13.64,18960,2087,6.54,0.0641,6.84,34,517,828,667,68.04,24,7.66,31,12,0
07/04/2015,12.26,18480,1924,6.37,0.0612,6.82,33,615,900,608,68.4,60,7.82,30,16,0
08/04/2015,13.59,18480,2132,6.37,0.0618,6.76,33,661,852,668,68.67,30,7.78,31,17,3
10/04/2015,14.43,19440,2153,6.7,0.0476,6.59,34,,930,783,63.63,24,7.46,33,24,8
11/04/2015,15.93,19680,2347,6.79,0.0455,6.69,35,,990,761,67.58,30,7.54,33,16,8
12/04/2015,13.59,19680,2003,6.79,0.0475,6.8,32,198,1020,718,64.15,24,7.72,32,11,5
13/04/2015,14.06,19200,2124,6.62,0.0682,6.84,32,227,744,711,66.53,18,7.57,31,20,3
14/04/2015,14.61,19440,2179,6.7,0.0617,6.81,34,167,954,723,66.82,36,7.54,33,27,10
15/04/2015,15.34,18960,2347,6.54,0.0628,6.72,36,181,924,740,68.47,24,7.51,34,23,11
16/04/2015,16.75,19200,2530,6.62,0.045,6.54,36,212,1182,759,70,24,7.45,35,24,9
17/04/2015,15.38,19200,2323,6.62,0.0477,6.8,36,273,1218,733,68.45,30,7.51,35,20,10
18/04/2015,15.57,19200,2351,6.62,0.0503,6.75,36,295,1218,591,74.86,18,7.57,35,17,9
19/04/2015,13.86,19200,2093,6.62,0.0536,6.64,34,204,1158,542,74.1,18,7.57,33,20,6
20/04/2015,12.59,18000,2028,6.21,0.0459,6.92,33,297,1146,648,68.05,18,7.62,32,25,7
21/04/2015,15.36,18720,2379,6.46,0.0658,6.81,35,253,1020,707,70.28,12,7.59,34,24,8
22/04/2015,16.45,19200,2484,6.62,0.0424,6.47,37,235,1194,660,73.43,24,7.64,35,30,13
23/04/2015,16.45,18240,2616,6.29,0.0566,6.47,37,228,1056,812,68.96,24,7.69,35,26,12
24/04/2015,15.5,18720,2401,6.46,0.0555,6.39,38,249,1044,704,70.68,24,7.7,36,30,14
25/04/2015,14.66,19200,2214,6.62,0.0503,6.79,38,343,1200,720,67.48,6,7.51,36,32,18
26/04/2015,15.25,19200,2303,6.62,0.0689,6.95,38,308,1068,722,68.65,6,7.69,37,28,17
27/04/2015,15.17,19200,2292,6.62,0.0642,6.97,38,330,1098,767,66.54,6,7.62,38,25,14
30/04/2015,15.18,18480,2382,6.37,0.0663,7.02,39,172,1056,866,63.64,6,7.6,37,30,13
01/05/2015,15.61,18720,2418,6.46,0.0671,6.85,38,468,1140,774,67.99,24,7.46,36,22,15
03/05/2015,16.46,18720,2550,6.46,0.0504,6.69,38,500,1272,814,68.08,24,7.64,35,23,11
08/05/2015,16,20160,2302,6.95,0.0542,6.63,38,460,894,678,70.55,24,7.4,38,32,19
11/05/2015,16.71,20640,2348,7.12,0.0733,6.84,35,396,918,722,69.25,12,7.36,37,32,19
17/05/2015,16.58,19200,2504,6.62,0.0689,6.46,38,90,1062,857,65.77,30,7.36,37,31,18
27/05/2015,15.86,21360,2153,7.37,0.0567,6.45,38,626,816,837,61.12,24,7.32,38,30,15
28/05/2015,15.9,19200,2402,6.62,0.0437,6.5,37,1142,942,684,71.52,12,7.39,37,27,18
29/05/2015,16.19,18000,2608,6.21,0.0652,6.57,37,2260,1014,966,62.96,24,7.44,38,26,18
30/05/2015,16.62,18720,2575,6.46,0.0439,6.52,38,1514,1038,897,65.17,12,7.36,37,29,17
31/05/2015,16.07,18240,2555,6.29,0.0686,6.42,38,2282,900,905,64.58,24,7.51,38,31,21
01/06/2015,16.04,19200,2422,6.62,0.055,6.38,38,582,990,913,62.3,12,7.45,38,33,21
04/06/2015,15.33,18960,2345,6.54,0.0471,6.49,39,612,720,831,64.56,12,7.26,38,30,16
05/06/2015,16.91,18720,2619,6.46,0.0355,6.44,38,430,762,880,66.4,30,7.38,37,33,22
09/06/2015,12.09,19200,1826,6.62,0.0463,6.46,37,472,780,689,62.27,18,7.37,37,36,21
10/06/2015,17.27,19200,2609,6.62,0.0543,6.53,37,660,918,887,66,18,7.36,38,35,20
11/06/2015,15.11,19200,2282,6.62,0.0437,6.41,38,788,756,758,66.78,6,7.55,37,31,19
12/06/2015,15.07,16800,2601,5.79,0.0388,6.39,37,756,774,786,69.78,12,7.45,37,33,20
13/06/2015,15.77,18480,2475,6.37,0.0548,6.52,37,662,840,794,67.92,6,7.4,37,31,18
14/06/2015,17.16,18480,2693,6.37,0.0612,6.69,38,694,858,935,65.28,12,7.4,38,31,18
15/06/2015,16.49,18000,2656,6.21,0.0509,6.43,38,498,888,826,68.9,18,7.43,37,33,20
16/06/2015,16.19,18000,2609,6.21,0.0434,6.52,38,756,816,883,66.16,6,7.55,38,34,21
17/06/2015,15.08,17280,2531,5.96,0.0387,6.42,38,554,954,887,64.95,102,7.25,36,33,21
18/06/2015,15.29,17520,2531,6.04,0.0501,6.74,37,452,1057.8,814,67.84,90,7.35,37,31,16
19/06/2015,13.16,16560,2305,5.71,0.0434,7.13,38,478,1056,806,65.03,84,7.38,37,29,18
20/06/2015,13.26,18960,2028,6.54,0.0785,7.08,37,516,942,746,63.21,78,7.41,37,30,18
21/06/2015,13.54,18000,2181,6.21,0.072,7.09,37,564,1020,786,63.96,90,7.38,38,32,19
22/06/2015,14.36,18000,2314,6.21,0.0621,7.21,36,712,1146,960,58.51,96,7.47,36,32,21
23/06/2015,12.93,18240,2055,6.29,0.0742,7.28,38,526,972,841,59.08,84,7.69,36,31,21
24/06/2015,13.58,16800,2344,5.79,0.0718,7.16,39,744,1032,943,59.77,96,7.5,38,28,20
25/06/2015,13.81,17280,2318,5.96,0.0584,7.03,37,570,1086,620,73.25,96,7.47,38,24,18
26/06/2015,14.39,17760,2349,6.12,0.049,6.7,39,286,1062,790,66.37,102,7.25,39,30,19
27/06/2015,14.23,19440,2123,6.7,0.0711,6.52,39,618,756,722,65.99,66,7.2,39,31,20
28/06/2015,14.41,19440,2149,6.7,0.0724,7.08,38,438,804,804,62.59,48,7.21,39,31,21
29/06/2015,14.37,19200,2170,6.62,0.0583,6.74,38,262,816,723,66.68,66,7.26,38,27,18
30/06/2015,13.38,18240,2128,6.29,0.0528,6.85,38,378,918,787,63.02,78,7.65,36,27,19
01/07/2015,15.58,18000,2510,6.21,0.0515,6.88,39,436,1050,851,66.1,72,7.45,39,33,18
02/07/2015,14.34,18000,2310,6.21,0.0559,6.95,38,296,1056,757,67.23,60,7.42,39,33,18
03/07/2015,14.84,18000,2391,6.21,0.059,6.99,38,410,972,851,64.41,66,7.38,38,32,16
04/07/2015,14.66,18000,2362,6.21,0.0552,7.08,39,298,1056,766,67.57,60,7.56,39,31,18
05/07/2015,15.34,18000,2472,6.21,0.0608,6.91,39,404,996,821,66.79,84,7.59,39,32,20
06/07/2015,13.24,17760,2162,6.12,0.0643,7.19,39,304,906,723,66.56,84,7.45,39,30,20
07/07/2015,13.97,17760,2281,6.12,0.0649,7.17,39,498,876,813,64.36,96,7.46,38,31,18
08/07/2015,13.39,16800,2312,5.79,0.0678,7.21,39,335,786,800,65.4,84,7.68,39,31,18
09/07/2015,12.61,16800,2177,5.79,0.0533,7.04,38,400,834,779,64.22,96,7.34,38,32,22
10/07/2015,13.61,16800,2350,5.79,0.0452,6.54,39,490,768,838,64.34,84,7.19,39,30,22
11/07/2015,14.38,18000,2316,6.21,0.0459,6.59,39,444,816,804,65.28,90,7.25,39,32,23
12/07/2015,13.28,18000,2139,6.21,0.0459,6.93,38,810,780,716,66.53,66,7.28,39,29,23
13/07/2015,11.14,18000,1794,6.21,0.0614,7.14,39,668,666,678,62.21,78,7.42,38,37,23
14/07/2015,13.41,17760,2190,6.12,0.0545,7.1,39,298,876,737,66.35,72,7.28,38,37,22
15/07/2015,15,18000,2417,6.21,0.0658,6.9,39,488,810,838,65.33,78,7.33,39,35,22
16/07/2015,8.85,12000,2139,4.14,0.0459,6.39,38,608,804,716,66.53,72,7.41,39,28,22
17/07/2015,12.73,16800,2198,5.79,0.0382,6.6,38,1611,846,707,67.83,90,7.28,39,31,21
18/07/2015,12.18,16320,2164,5.63,0.0546,7.03,38,402,852,716,66.91,114,7.3,39,32,20
19/07/2015,12.56,16320,2232,5.63,0.0495,7.04,38,362,936,678,69.62,114,7.48,39,29,22
20/07/2015,11.01,12960,2463,4.47,0.0206,6.39,39,424,1002,737,70.08,120,7.35,39,28,22
21/07/2015,10.42,14880,2030,5.13,0.041,6.55,39,304,894,665,67.24,96,7.3,39,32,22
22/07/2015,15.14,17520,2506,6.04,0.0362,6.62,39,303,1098,779,68.91,78,7.35,39,33,24
23/07/2015,13.78,16800,2379,5.79,0.029,6.49,39,302,978,665,72.05,78,7.45,38,31,23
24/07/2015,14.47,17760,2362,6.12,0.0429,6.61,39,303,840,729,69.14,78,7.45,40,31,22
25/07/2015,14.15,16800,2442,5.79,0.0446,6.55,39,324,744,758,68.96,72,7.49,38.5,33,24
26/07/2015,15.54,16800,2682,5.79,0.0365,6.55,39,195,750,715,73.34,84,7.25,41,34,24
27/07/2015,15.96,17280,2678,5.96,0.0328,6.57,39,182,804,813,69.64,42,7.07,40,35,25
28/07/2015,14.48,17280,2430,5.96,0.0322,6.48,39,199,744,784,67.74,66,7.12,39,34,26
29/07/2015,15.06,17280,2527,5.96,0.031,6.58,39,128,834,772,69.45,66,7.14,39.5,35,27
30/07/2015,16.46,18240,2617,6.29,0.0352,6.48,39,284,834,760,70.96,66,7.1,38.9,35,25
31/07/2015,14.85,17040,2527,5.88,0.0294,6.42,39,305,696,758,70,84,7.3,38.5,32,24
01/08/2015,14.75,17520,2441,6.04,0.0284,6.33,39,847,900,886,63.7,84,7.03,38.2,32,25
02/08/2015,15.72,16800,2714,5.79,0.0394,6.4,38,212,834,874,67.8,102,7.28,37.5,34,26
03/08/2015,18.1,18480,2840,6.37,0.0331,6.37,39,149,900,849,70.11,72,7.13,40,33,26
04/08/2015,13.41,17760,2190,6.12,0.0355,6.36,39,229,732,813,62.88,66,7.23,38,27,23
05/08/2015,14.5,17280,2434,5.96,0.0405,6.62,39,239,852,817,66.43,60,7.15,39,32,24
06/08/2015,15.9,20160,2287,6.95,0.0501,6.67,37.8,261,780,817,64.28,120,7.2,38.2,30,23
07/08/2015,13.19,17280,2214,5.96,0.0262,6.48,38,342,708,772,65.13,78,7.16,38,26,22
08/08/2015,15.33,17280,2572,5.96,0.0304,6.52,39,396,804,813,68.39,90,7.12,39,28,24
09/08/2015,17.41,19200,2629,6.62,0.0404,6.55,39,457,798,1016,61.35,90,7.12,39,32,23
10/08/2015,15.61,18240,2482,6.29,0.0415,6.61,38,243,930,888,64.22,102,7.14,38,31,22
11/08/2015,13.77,18000,2219,6.21,0.0397,6.55,38,327,876,821,63,90,7.29,37,30,20
12/08/2015,15.23,18480,2390,6.37,0.0414,6.58,38,368,876,801,66.49,54,7.21,38,32,22
13/08/2015,16.97,18960,2596,6.54,0.0543,6.56,39,578,846,825,68.22,84,7.2,39,35,21
14/08/2015,16.43,19200,2482,6.62,0.0497,6.66,39,687,900,896,63.9,90,7.32,39.8,33,22
15/08/2015,14.91,17040,2538,5.88,0.0411,6.55,39,644,894,912,64.07,114,7.38,38,29,21
16/08/2015,15.21,16800,2625,5.79,0.0342,6.45,38,521,846,916,65.1,90,7.13,38,32,22
17/08/2015,16.37,17520,2709,6.04,0.0399,6.57,38,761,918,1044,61.46,84,7.09,40,32,22
18/08/2015,14.06,14880,2741,5.13,0.0503,6.65,38,741,888,952,65.27,54,7.22,39.9,32,21
19/08/2015,13.96,16800,2410,5.79,0.0417,6.59,39,654,816,753,68.76,90,7.03,38,30,21
20/08/2015,14.33,17040,2439,5.88,0.0435,6.57,38,519,840,903,62.98,36,7.28,38,30,20
21/08/2015,14.49,19200,2189,6.62,0.0437,6.67,38,514,930,851,61.12,84,7.29,39.5,32,19
22/08/2015,15.77,18240,2508,6.29,0.0541,6.62,38,697,804,1008,59.81,84,7.1,39.5,33,21
23/08/2015,14.63,18240,2326,6.29,0.0465,6.55,38.5,440,720,915,60.66,54,7.14,38.4,31,19
24/08/2015,12.61,16800,2177,5.79,0.0591,6.67,38,604,720,855,60.73,36,7.2,38,29,19
25/08/2015,13.2,17520,2185,6.04,0.058,6.65,39,629,696,851,61.05,36,7.53,39,27,20
26/08/2015,12.87,18960,1968,6.54,0.0562,6.6,38.15,1023,702,778,60.47,42,7.26,38.9,27,20
27/08/2015,9.82,17280,1648,5.96,0.0596,6.64,39,2040,648,758,54,54,7.18,38.9,28,18
28/08/2015,14.02,17760,2290,6.12,0.0582,6.68,39,1277,696,839,63.36,30,7.19,39,30,19
29/08/2015,15.31,17760,2500,6.12,0.0423,6.44,39,928,852,903,63.88,12,7.16,38.9,30,18
30/08/2015,12.72,17520,2105,6.04,0.0592,6.67,38.4,728,900,734,65.13,54,7.24,38,30,20
31/08/2015,15.18,16800,2621,5.79,0.0377,6.53,38,573,870,891,66.01,36,7.2,39.8,29,20
01/09/2015,15.1,18720,2339,6.46,0.0413,6.6,38,764,876,883,62.25,42,7.23,37.5,25,18
02/09/2015,16.97,18720,2629,6.46,0.062,6.54,38,746,792,942,64.17,78,7.24,39,25,18
03/09/2015,14.74,18480,2313,6.37,0.0675,6.63,38,670,762,946,59.1,90,7.32,39,30,19
04/09/2015,14.3,18000,2304,6.21,0.0646,6.64,38,751,732,885,61.59,78,7.35,39,29,19
05/09/2015,15.34,18960,2346,6.54,0.0615,6.34,38,926,792,938,60.02,66,7.2,38.5,26,18
06/09/2015,16.2,18720,2510,6.46,0.0665,6.65,39,653,822,885,64.74,72,7.47,39,25,16
07/09/2015,15.04,18960,2300,6.54,0.0628,6.6639,39,460,768,926,59.74,54,7.31,38,28,18
08/09/2015,14.59,16800,2518,5.79,0.062,6.39,39,472,840,955,62.07,90,7.27,38,29,17
09/09/2015,11.16,14400,2247,4.97,0.0427,6.62,38,898,720,934,58.43,72,7.27,37.5,28,18
10/09/2015,12.61,16800,2177,5.79,0.055,6.47,39,588,720,942,56.73,66,7.37,38,25,18
11/09/2015,13.38,16800,2309,5.79,0.0545,6.58,38,596,744,946,59.03,96,7.29,37,22,15
12/09/2015,10.54,16800,1819,5.79,0.0377,6.54,38,382,660,732,59.76,90,7.39,37,22,12
13/09/2015,12.23,16320,2173,5.63,0.0259,6.43,38,543,762,893,58.9,84,7.34,37,27,13
14/09/2015,15.07,18000,2428,6.21,0.0608,6.61,39,244,780,905,62.73,132,7.39,38.5,26,14
15/09/2015,14.36,16320,2551,5.63,0.0518,6.55,39,358,852,951,62.72,102,7.36,38.5,26,15
16/09/2015,13.64,15840,2498,5.46,0.0628,6.46,39,509,804,786,68.53,54,7.11,38.5,27,15
17/09/2015,13.86,16560,2428,5.71,0.0468,6.48,39,349,780,1012,58.32,126,7.26,38.8,28,17
18/09/2015,11.35,14400,2286,4.97,0.0382,6.64,39,356,738,915,59.97,96,7.38,39,26,17
19/09/2015,13.5,15120,2590,5.21,0.048,6.59,38,393,852,928,64.17,72,7.4,39,27,15
20/09/2015,13.84,15600,2573,5.38,0.0414,6.65,38.5,143,954,928,63.93,108,7.39,38,29,14
21/09/2015,14.83,16320,2636,5.63,0.0506,6.69,39,280,840,991,62.41,78,7.33,39,29,17
22/09/2015,13.29,16320,2362,5.63,0.0428,6.62,38,358,966,890,62.32,72,7.42,39,27,18
23/09/2015,12.87,15120,2468,5.21,0.0287,6.25,39,277,726,852,65.48,72,7.34,39,28,20
24/09/2015,15.26,16320,2712,5.63,0.0557,6.54,39,167,786,960,64.6,54,7.18,38.5,28,18
25/09/2015,14.43,16080,2603,5.54,0.056,6.55,39,199,774,890,65.81,66,7.33,37,27,16
26/09/2015,13.07,15360,2468,5.3,0.0413,6.44,39,216,768,747,69.73,90,7.3,38.5,28,11
27/09/2015,11.5,12960,2573,4.47,0.0527,6.43,38,396,636,928,63.93,60,7.27,38,29,16
28/09/2015,12.04,14400,2425,4.97,0.0462,6.89,38,279,810,876,63.88,54,7.56,38.5,27,15
29/09/2015,12.15,14400,2446,4.97,0.0541,6.59,39,188,768,886,63.78,36,7.23,37,25,15
30/09/2015,13.8,16080,2489,5.54,0.0521,6.5,39,373,792,957,61.55,66,7.2,38,25,18
01/10/2015,13.75,13920,2864,4.8,0.0475,6.57,38,744,936,1114,61.1,66,7.35,38,20,10
02/10/2015,10.23,12720,2333,4.39,0.0544,6.47,37,568,816,779,66.61,84,7.5,37,27,12
03/10/2015,11.91,16320,2116,5.63,0.058,6.65,37,242,810,861,59.31,90,7.7,36,27,16
04/10/2015,11.14,15600,2071,5.38,0.0608,6.65,39,346,780,759,63.35,84,7.56,38,27,15
05/10/2015,10.55,15840,1931,5.46,0.0601,6.64,39,263,858,869,55,78,7.4,38,28,15
06/10/2015,13,16080,2345,5.54,0.0604,6.59,39,226,780,943,59.79,72,7.23,38.7,28,17
07/10/2015,12.59,16080,2271,5.54,0.0543,6.54,38,218,786,914,59.75,66,7.17,39,25,15
08/10/2015,12.57,15600,2337,5.38,0.0554,6.63,39,238,804,898,61.57,84,7.33,38,21,8
09/10/2015,11.17,14880,2177,5.13,0.0534,6.55,38,221,840,886,59.3,66,7.25,37.2,23,6
10/10/2015,12.67,16320,2251,5.63,0.0557,6.64,38,341,876,820,63.57,72,7.37,37,17,8
11/10/2015,13.52,16800,2333,5.79,0.0371,6.52,37,332,1158,869,62.75,108,7.32,37,19,10
12/10/2015,12.17,16080,2194,5.54,0.0527,6.6,37.5,231,858,861,60.76,78,7.22,36.5,22,6
13/10/2015,13.79,15600,2563,5.38,0.05,6.64,36.9,92,912,882,65.59,72,7.22,38.5,26,10
14/10/2015,14.44,16080,2604,5.54,0.0615,6.64,38,317,924,923,64.55,66,7.26,38.5,27,12
15/10/2015,13.73,16080,2476,5.54,0.0516,6.6,39,299,978,882,64.38,72,7.52,39,26,10
16/10/2015,13.02,15840,2383,5.46,0.0508,6.62,39,327,948,828,65.25,102,7.38,38.5,27,11
17/10/2015,12.35,15840,2261,5.46,0.0552,6.63,39,415,822,849,62.45,78,7.46,37.8,28,14
18/10/2015,14.41,16800,2488,5.79,0.0371,6.74,37.9,560,1086,849,65.88,66,7.39,38.5,23,9
19/10/2015,9.81,14400,1975,4.97,0.0606,6.65,38.7,370,780,828,58.08,66,7.35,38,26,12
20/10/2015,9.18,14400,1849,4.97,0.0551,6.63,38.2,349,678,786,57.49,30,7.44,38,26,13
21/10/2015,10.22,16800,1765,5.79,0.0684,6.67,38.6,379,672,723,59.04,42,7.52,37,25,12
22/10/2015,12.42,18240,1975,6.29,0.0598,6.64,38.5,471,750,756,61.72,84,7.55,38.5,23,12
23/10/2015,11.14,17280,1870,5.96,0.0608,6.55,39,464,708,735,60.7,72,7.51,37.5,23,14
24/10/2015,12.81,16080,2311,5.54,0.0488,6.43,39,505,960,773,66.55,48,7.33,37.5,21,11
25/10/2015,11.73,15840,2147,5.46,0.0563,6.64,37.7,281,828,819,61.85,78,7.25,34,17,12
26/10/2015,11.13,15840,2038,5.46,0.0546,6.63,37,333,900,773,62.07,48,7.39,36.8,16,6
27/10/2015,10.65,12720,2427,4.39,0.0566,6.64,36.4,828,816,786,67.61,42,7.38,36,17,5
28/10/2015,8.22,13200,1807,4.55,0.036,6.37,36,459,930,782,56.72,96,7.52,35,18,3
29/10/2015,13.19,16800,2277,5.79,0.0597,6.47,36,417,798,924,59.42,102,7.27,31.5,14,1
30/10/2015,12.31,17520,2038,6.04,0.0465,6.52,35,358,948,756,62.9,84,7.4,31.5,13,3
31/10/2015,11.37,15600,2114,5.38,0.0479,6.65,34,457,762,819,61.26,132,7.62,29,15,7
01/11/2015,9.53,15840,1744,5.46,0.0535,6.57,29,152,672,706,59.52,54,7.54,25,14,2
07/11/2015,7.92,14400,1594,4.97,0.0511,6.67,28,78,612,667,58.16,66,7.39,26,12,10
08/11/2015,7.72,15120,1481,5.21,0.0631,6.29,30.8,185,564,734,50.44,66,7.45,28,10,1
09/11/2015,9.97,15840,1825,5.46,0.0568,6.64,32,194,720,818,55.18,66,7.21,31.5,13,-1
11/11/2015,15.04,18240,2391,6.29,0.0648,6.41,32.5,226,900,1040,56.5,48,7.42,33,12,4
12/11/2015,12.58,16320,2236,5.63,0.0591,6.63,36,244,714,902,59.66,84,7.31,35,12,6
13/11/2015,12.48,18720,1934,6.46,0.0723,6.59,34,198,672,822,57.5,54,7.29,34,11,7
14/11/2015,13.51,18240,2148,6.29,0.0642,6.51,35,268,708,873,59.36,66,7.28,33,13,6
15/11/2015,14.32,18000,2307,6.21,0.0596,6.61,36,230,912,910,60.55,78,7.48,35,15,10
16/11/2015,12.81,16800,2211,5.79,0.0626,6.68,37,382,816,923,58.25,72,7.35,36.5,12,5
17/11/2015,16.14,19440,2408,6.7,0.0711,6.47,35,273,852,776,67.77,36,7.39,34,12,3
18/11/2015,12.78,17280,2144,5.96,0.0626,6.64,35,422,828,864,59.7,60,7.48,33.5,10,0
19/11/2015,14.15,18000,2280,6.21,0.0646,6.66,35,267,888,880,61.4,60,7.45,34,12,3
20/11/2015,12.87,15840,2356,5.46,0.0568,6.65,32,254,888,920,60.95,48,7.36,34,11,5
21/11/2015,13.75,17520,2276,6.04,0.0677,6.64,35,312,906,880,61.34,48,7.45,33,10,5
22/11/2015,11.62,18720,1800,6.46,0.0736,6.67,31,201,720,800,55.56,36,7.51,32,8,5
23/11/2015,13.06,18000,2104,6.21,0.0695,6.65,31,336,840,988,53.04,78,7.42,31,5,0
24/11/2015,13.84,17040,2356,5.88,0.0705,6.62,31,461,960,920,60.95,60,7.51,30.5,2,-3
25/11/2015,13.33,18000,2148,6.21,0.0732,6.65,32,269,912,1076,49.91,60,7.55,29,0,-9
26/11/2015,12.46,18000,2008,6.21,0.0819,6.59,31,354,714,808,59.76,102,7.56,26,-2,-11
28/11/2015,11.12,16800,1920,5.79,0.084,6.62,33,81,738,888,53.75,150,7.45,31,6,-4
29/11/2015,12.43,17040,2116,5.88,0.0834,6.64,33,245,816,848,59.92,84,7.22,32,6,-4
30/11/2015,11.54,17040,1964,5.88,0.0811,6.66,32,225,840,880,55.19,96,7.36,32,7,1
01/12/2015,14.11,17760,2304,6.12,0.0686,6.58,35,319,1008,931,59.59,120,7.57,33.8,10,2
03/12/2015,14.57,16560,2551,5.71,0.0702,6.64,34,183,1068,1039,59.27,132,7.68,33,4,-4
04/12/2015,14.29,16800,2467,5.79,0.0718,6.59,34,469,954,1070,56.63,114,7.39,31,6,-3
05/12/2015,14.27,17280,2395,5.96,0.0727,6.67,35,300,1212,1062,55.66,156,7.34,33.5,6,-3
06/12/2015,12.91,16800,2228,5.79,0.0765,6.62,34.8,389,936,915,58.93,120,7.13,33,8,-2
07/12/2015,12,16320,2133,5.63,0.0726,6.64,35,551,1026,852,60.06,78,7.33,33.5,8,1
08/12/2015,14.52,16800,2507,5.79,0.0904,6.68,35,989,960,855,65.9,108,7.36,34.8,10,2
09/12/2015,13.93,16320,2475,5.63,0.0844,6.67,35,716,936,943,61.9,102,7.5,32,11,5
10/12/2015,13.23,15600,2459,5.38,0.0742,6.66,33,1177,966,1067,56.61,102,7.36,33.5,10,2
11/12/2015,14.04,17760,2292,6.12,0.0729,6.65,33,363,1062,983,57.11,108,7.23,32,5,-3
12/12/2015,13.53,18000,2180,6.21,0.0832,6.67,33,595,858,1066,51.1,96,7.34,32,6,-5
13/12/2015,11.38,17760,1858,6.12,0.0778,6.6,33,532,834,911,50.97,114,7.44,32,7,-2
14/12/2015,13.31,18000,2145,6.21,0.0819,6.65,34,537,888,836,61.03,72,7.37,33.8,7,-4
15/12/2015,13.7,17520,2268,6.04,0.0816,6.67,34,490,912,875,61.42,132,7.49,31.5,5,-5
16/12/2015,12.58,16560,2203,5.71,0.0645,6.64,32,562,936,769,65.09,108,7.36,30.5,2,-7
17/12/2015,12.08,15840,2211,5.46,0.0847,6.98,31.5,743,870,896,59.48,144,7.35,29.5,3,-5
18/12/2015,12.96,15600,2410,5.38,0.0791,6.97,33,527,894,837,65.27,120,7.28,32.8,7,-4
19/12/2015,16.1,16320,2861,5.63,0.0715,6.65,34,525,1020,984,65.61,96,7.31,31.5,6,-3
20/12/2015,11.73,16320,2084,5.63,0.081,6.67,32.5,556,900,988,52.59,120,7.42,33.5,6,-1
21/12/2015,12.92,16080,2331,5.54,0.0715,6.67,32,577,996.6,817,64.95,96,7.34,32,8,-1
22/12/2015,11.82,15360,2231,5.3,0.0742,6.66,33,437,948,884,60.38,120,7.38,33.5,8,3
23/12/2015,11.9,16560,2084,5.71,0.0731,6.69,34,351,1152,757,63.68,102,7.45,31.5,8,-1
24/12/2015,9.94,16560,1741,5.71,0.0737,6.65,33,373,1008,701,59.74,114,7.22,31,6,-7
25/12/2015,13.61,18720,2108,6.46,0.0678,6.66,34,377,1104,753,64.28,144,7.43,33,9,-2
26/12/2015,11.07,16080,1996,5.54,0.0776,6.66,34,474,852,618,69.04,72,7.43,33,7,-5
27/12/2015,14.81,18000,2386,6.21,0.0782,6.6,34,302,918,769,67.77,132,7.45,32,0,-5
28/12/2015,16.68,18480,2617,6.37,0.0739,6.67,34,238,972,853,67.41,144,7.34,33,4,-4
29/12/2015,15.54,18480,2438,6.37,0.0752,6.62,34,319,924,1016,58.33,150,7.26,33,7,-2
30/12/2015,15.27,18480,2397,6.37,0.0752,6.62,33,269,900,934,61.03,84,7.16,33,6,-4
01/01/2016,14.06,17760,2296,6.12,0.0747,6.66,33,495,1026,809,64.76,120,7.53,32.5,10,-3
02/01/2016,15.72,18240,2499,6.29,0.0767,6.68,34,244,1032,731,70.75,120,7.37,33.5,12,-1
03/01/2016,14.75,17520,2442,6.04,0.0719,6.65,35,291,1020,914,62.57,150,7.36,34,8,-2
04/01/2016,16.71,18720,2588,6.46,0.08,6.68,35,157,972,878,66.07,102,7.6,34,4,-4
05/01/2016,16.97,18720,2629,6.46,0.0697,6.67,35,110,924,894,65.99,48,7.42,34,4,-4
06/01/2016,17.02,18720,2637,6.46,0.0762,6.65,34.5,238,948,943,64.24,66,7.29,34.2,5,-5
07/01/2016,15.4,18720,2385,6.46,0.0684,6.63,34,183,972,886,62.85,84,7.22,33.8,2,-6
08/01/2016,11.75,18720,1820,6.46,0.0852,6.65,33,592,888,841,53.79,84,7.37,33.5,3,-8
09/01/2016,15.08,18240,2397,6.29,0.0906,6.63,33,573,996,983,58.99,78,7.32,33,6,-9
10/01/2016,15.06,19200,2275,6.62,0.0874,6.68,32,462,924,813,64.26,48,7.48,30,6,-4
11/01/2016,14.48,18480,2272,6.37,0.1058,6.68,33,1480,876,870,61.71,72,7.35,31.5,0,-9
12/01/2016,14.88,18960,2276,6.54,0.085,6.66,33,788,1044,956,58,120,7.43,32,0,-11
13/01/2016,16.34,18960,2500,6.54,0.0889,6.61,33,1089,1068,1138,54.48,156,7.4,32.5,3,-7
14/01/2016,15.06,19680,2219,6.79,0.0909,6.67,32,779,1008,955,56.96,126,7.36,32,6,-6
15/01/2016,14.71,17760,2402,6.12,0.0796,6.69,33.9,471,1140,898,62.61,144,7.42,33.5,6,-6
16/01/2016,13.96,17760,2280,6.12,0.0851,6.63,34,518,1002,809,64.52,78,7.51,34,8,-6
17/01/2016,15.82,18000,2549,6.21,0.0801,6.69,34,521,1092,967,62.06,84,7.42,34.5,0,-9
18/01/2016,14.27,17520,2362,6.04,0.0888,6.66,32,759,972,821,65.24,96,7.33,32,-3,-12
19/01/2016,13.12,17520,2171,6.04,0.0785,6.66,32,476,996,886,59.19,96,7.54,31.8,-2,-10
20/01/2016,14.81,17520,2451,6.04,0.0773,6.48,30.5,367,1002,866,64.67,108,7.48,32,-1,-10
21/01/2016,10.18,17760,1663,6.12,0.0857,6.47,32,565,912,805,51.59,150,7.43,31,1,-8
22/01/2016,11.23,16800,1939,5.79,0.0742,6.52,31,505,984,785,59.52,84,7.22,31,-3,-16
23/01/2016,13.26,17520,2195,6.04,0.0797,6.44,31,322,1008,858,60.91,72,7.35,30.5,-10,-19
29/01/2016,13.99,16800,2415,5.79,0.0776,6.42,30,969,960,762,68.45,66,7.27,30,1,-6
30/01/2016,14.37,16800,2480,5.79,0.0695,6.4,30,551,960,734,70.4,48,7.36,30,-1,-10
31/01/2016,13.64,17520,2258,6.04,0.0858,6.42,29,1040,666,802,64.48,66,7.17,29,-1,-10
01/02/2016,12.63,15600,2347,5.38,0.0764,6.41,30,686,948,806,65.66,60,7.19,29,3,-7
02/02/2016,12.26,16800,2117,5.79,0.0742,6.45,31,521,1056,823,61.12,84,7.37,31,5,-5
03/02/2016,14.44,16800,2492,5.79,0.077,6.8,31,1230,1110,766,69.26,54,7.43,30.8,8,-8
04/02/2016,12.99,16800,2242,5.79,0.0753,6.64,31,1090,1068,790,64.76,54,7.33,31,6,-5
05/02/2016,15.86,17520,2625,6.04,0.0767,6.38,30,1003,1062,726,72.34,66,7.44,30,5,-6
06/02/2016,11.91,16800,2056,5.79,0.0718,6.41,31,1420,960,806,60.8,66,7.39,31,4,-7
07/02/2016,12.86,16320,2285,5.63,0.0658,6.5,31,371,996,773,66.17,60,7.38,30,8,-8
08/02/2016,12.96,16560,2270,5.71,0.072,6.45,32,600,960,699,69.21,90,7.52,31.5,13,-3
09/02/2016,13.99,16560,2450,5.71,0.0525,6.47,33,494,1122,675,72.45,90,7.72,32,13,-4
10/02/2016,14.67,16800,2532,5.79,0.0684,6.36,33,461,1026,683,73.03,72,7.49,32,15,5
11/02/2016,14.7,16320,2612,5.63,0.0681,6.41,33,449,1014,676,74.12,78,7.46,33,13,5
13/02/2016,8.2,11280,2108,3.89,0.0482,6.69,27,257,972,750,64.42,60,7.61,30,2,-9
14/02/2016,5.24,7440,2042,2.57,0.0341,6.9,26,122,960,648,68.27,24,7.55,25,-2,-10
15/02/2016,6.82,10320,1916,3.56,0.0342,6.38,25,158,990,632,67.01,60,7.55,24.5,2,-4
16/02/2016,7.62,10320,2140,3.56,0.0491,6.88,25,398,816,609,71.54,48,7.65,23.5,6,-5
18/02/2016,5.94,7920,2175,2.73,0.0344,6.52,25,145,1044,750,65.52,90,7.31,25,9,-2
19/02/2016,7.15,10560,1963,3.64,0.0455,6.73,26,183,996,687,65,60,7.46,24.5,10,-5
20/02/2016,2.52,5280,1386,1.82,0.0299,6.72,24,134,594,593,57.22,54,7.47,24,5,-6
21/02/2016,8.09,15120,1551,5.21,0.0657,6.71,23,160,744,616,60.28,54,7.37,22.8,8,-6
22/02/2016,8,15120,1535,5.21,0.0657,6.89,27,160,744,702,54.27,84,7.26,25,8,-5
23/02/2016,11.49,15600,2136,5.38,0.0425,6.41,30,142,846,707,66.9,90,7.19,28,4,-6
24/02/2016,5.23,6720,2257,2.32,0.019,6.58,28,203,852,773,65.75,78,7.23,29,7,-2
25/02/2016,9.26,13680,1963,4.72,0.0425,6.83,30,127,852,742,62.2,114,7.35,28,8,-5
26/02/2016,10.36,13920,2159,4.8,0.0389,6.58,31,197,834,715,66.88,48,7.3,30,11,-1
27/02/2016,11.08,13200,2435,4.55,0.0391,6.48,32,204,972,848,65.17,78,7.19,31.7,9,-2
28/02/2016,9.87,13920,2056,4.8,0.0466,6.62,31,227,840,762,62.94,90,7.28,30,5,-4
29/02/2016,10.66,13920,2220,4.8,0.0437,6.61,29.5,324,930,719,67.61,90,7.34,31,5,-5
01/03/2016,12.66,15600,2353,5.38,0.0527,6.72,31,388,936,809,65.62,102,7.38,30,12,-1
02/03/2016,13.42,16320,2384,5.63,0.054,6.42,34,408,984,782,67.2,84,7.33,34,19,6
03/03/2016,15.19,16080,2740,5.54,0.0516,6.74,34,317,1080,801,70.77,78,7.39,34,24,8
04/03/2016,14.7,16800,2537,5.79,0.0579,6.65,35,268,1080,782,69.18,60,7.31,34.5,23,7
06/03/2016,12.23,15120,2345,5.21,0.0422,7.01,33,424,1200,758,67.68,78,7.41,32,15,2
07/03/2016,13.39,16560,2345,5.71,0.0697,6.84,32,825,1248,766,67.33,78,7.42,32,15,4
08/03/2016,15.06,16800,2599,5.79,0.0626,6.3,32,281,1008,809,68.87,72,7.26,32,15,-1
09/03/2016,14.55,17520,2408,6.04,0.052,6.51,33,357,1032,751,68.81,78,7.26,32,5,-5
10/03/2016,13.56,16800,2341,5.79,0.0591,6.76,30,222,984,820,64.97,66,7.32,31.5,5,-5
11/03/2016,13.16,17280,2209,5.96,0.0572,6.62,31,341,948,727,67.09,54,7.44,30,7,-7
12/03/2016,16.58,17280,2783,5.96,0.0644,6.58,32,223,984,848,69.53,78,7.19,32,10,-2
13/03/2016,16.3,16800,2814,5.79,0.0614,6.53,33,234,1056,668,76.26,78,7.23,33,12,2
14/03/2016,14.08,17520,2330,6.04,0.0616,6.62,34,228,960,794,65.92,78,7.4,33,12,-3
15/03/2016,14.17,17520,2345,6.04,0.052,6.5,34,196,1026,801,65.84,78,7.41,33,14,1
17/03/2016,14.9,17280,2500,5.96,0.0614,6.74,34.5,336,1014,740,70.4,102,7.31,34,20,8
18/03/2016,16.38,17520,2712,6.04,0.055,6.48,35.5,238,1086,860,68.29,60,7.3,35,22,6
21/03/2016,13.53,17520,2240,6.04,0.0544,6.62,34,285,966,696,68.93,66,7.4,34,19,1
22/03/2016,13.66,18000,2200,6.21,0.0621,6.58,34,275,1068,764,65.27,66,7.44,34,18,4
23/03/2016,15.06,18480,2364,6.37,0.0637,6.72,34,243,1044,816,65.48,60,7.41,34,11,-2
24/03/2016,18.27,19200,2760,6.62,0.0669,6.6,35,364,1026,820,70.29,54,7.47,33,13,-2
25/03/2016,16.23,18240,2580,6.29,0.0579,6.58,36,164,1122,816,68.37,114,7.12,35,15,1
26/03/2016,15.11,17760,2468,6.12,0.0643,6.59,36,264,1038,796,67.75,54,7.09,35.7,17,3
28/03/2016,16.9,17760,2760,6.12,0.0588,6.47,36.2,319,1116,820,70.29,60,7.09,37.4,23,11
29/03/2016,13.7,17040,2332,5.88,0.0599,6.56,35.9,237,876,724,68.95,66,7.04,37.7,18,8
31/03/2016,13.47,17280,2260,5.96,0.0572,6.53,35.9,147,900,680,69.91,36,6.92,36.5,25,14
01/04/2016,13.14,15840,2405,5.46,0.0459,6.63,36,252,1008,648,73.06,42,7.4,36,26,10
02/04/2016,13.21,17520,2187,6.04,0.0719,6.86,34.55,373,816,668,69.46,30,7.5,35,15,7
03/04/2016,14,17520,2318,6.04,0.064,6.59,35,433,900,783,66.22,42,7.3,34.5,16,3
05/04/2016,14.12,17760,2306,6.12,0.0735,6.57,35,354,888,755,67.26,42,7.34,35,23,10
06/04/2016,14.8,17760,2417,6.12,0.0649,6.6,35,377,972,787,67.44,36,7.33,35,20,10
07/04/2016,13.98,17280,2346,5.96,0.0572,6.59,36,442,912,775,66.97,42,7.46,35,22,6
08/04/2016,10.84,15120,2079,5.21,0.0563,6.68,35,274,936,676,67.48,30,7.45,33,24,9
09/04/2016,13.03,16080,2350,5.54,0.0527,6.71,35.7,260,1044,700,70.21,24,7.5,35,29,11
10/04/2016,11.64,16320,2068,5.63,0.0597,6.61,35,396,828,616,70.21,18,7.38,34.5,24,7
11/04/2016,12.03,16560,2107,5.71,0.048,6.57,35,147,888,644,69.44,24,7.27,34.5,21,8
12/04/2016,12.03,16560,2107,5.71,0.0582,6.55,35,415,774,680,67.73,24,7.32,34.5,23,10
13/04/2016,12.9,16800,2227,5.79,0.0649,6.63,35.5,549,792,676,69.65,18,7.03,34.5,29,10
14/04/2016,12.68,16080,2286,5.54,0.1164,6.47,37,489,876,628,72.53,48,7.26,35,23,11
17/04/2016,13.24,16560,2318,5.71,0.0388,6.58,35,476,828,684,70.49,6,7.35,34.5,,
18/04/2016,13.78,16800,2378,5.79,0.0452,6.55,36,452,864,720,69.72,66,7.37,35,,
20/04/2016,12.9,16080,2327,5.54,0.0477,6.61,36,437,876,805,65.41,12,7.42,37.5,,
21/04/2016,13.4,16320,2382,5.63,0.0636,6.71,37,632,870,797,66.54,12,,,,
22/04/2016,13.25,16080,2390,5.54,0.0488,6.67,37,477,948,767,67.91,6,7.38,37,,
24/04/2016,13.56,16320,2410,5.63,0.0495,6.58,37,504,912,745,69.09,12,7.5,37,,
25/04/2016,15.16,16800,2617,5.79,0.0417,6.53,38.4,476,1098,749,71.38,6,7.34,37.5,,
26/04/2016,13.39,15600,2490,5.38,0.0667,6.67,37.5,9003,864,757,69.6,30,7.4,36.5,,
27/04/2016,13.21,16080,2382,5.54,0.0449,6.51,37.3,2158,1014,657,72.42,42,7.28,37.2,,
28/04/2016,12.1,16320,2151,5.63,0.0495,6.45,36.5,660,876,693,67.78,72,,,,
29/04/2016,12.73,16080,2295,5.54,0.0499,6.65,37,536,900,717,68.76,84,7.34,39,,
02/05/2016,14.58,15840,2669,5.46,0.0344,6.39,39,359,1158,798,70.1,66,7.41,37,,
03/05/2016,14.56,16560,2550,5.71,0.0457,6.79,36.9,379,1098,777,69.53,102,7.43,38.2,,
04/05/2016,14.28,17520,2364,6.04,0.0532,6.69,38,264,984,739,68.74,126,7.54,37.8,,
05/05/2016,13.49,16800,2328,5.79,0.0602,6.79,39,383,936,726,68.81,90,,,,
06/05/2016,10.68,15360,2016,5.3,0.0561,6.62,38,128,876,696,65.48,90,7.42,37.1,,
08/05/2016,10.83,17280,1818,5.96,0.0566,6.67,37,165,750,672,63.04,66,7.35,36.2,,
09/05/2016,11.85,17040,2016,5.88,0.0676,6.67,36,389,720,668,66.87,78,7.43,37.5,,
10/05/2016,11.42,17280,1917,5.96,0.0578,6.51,37,247,696,647,66.25,96,7.42,38,,
11/05/2016,11.27,15120,2162,5.21,0.0422,6.52,38,354,834,747,65.45,90,,,,
12/05/2016,12.83,17520,2123,6.04,0.0568,6.75,38,247,924,696,67.22,66,7.49,37,,
14/05/2016,13.88,16800,2396,5.79,0.0498,6.61,37,254,1086,654,72.7,78,,,,
17/05/2016,13.03,17040,2218,5.88,0.0682,6.61,37,329,960,719,67.58,78,7.42,37,,
18/05/2016,12.46,15360,2352,5.3,0.0577,6.67,38,249,978,795,66.2,84,7.46,38.2,,
19/05/2016,14.53,17760,2372,6.12,0.06,6.82,38,309,972,751,68.34,96,,,,
20/05/2016,12.68,17760,2071,6.12,0.0772,6.89,38,433,852,652,68.52,78,7.48,38,,
22/05/2016,13.51,16800,2332,5.79,0.0655,6.92,37.5,715,954,712,69.47,78,7.51,39,,
23/05/2016,14,16800,2416,5.79,0.0649,6.73,38,891,1068,698,71.11,96,7.32,37.5,,
24/05/2016,14.37,17520,2379,6.04,0.0652,6.68,39,865,1026,726,69.48,96,7.4,38,,
25/05/2016,14.55,16800,2512,5.79,0.0608,6.71,38,2388,1104,824,67.2,72,7.6,38.8,,
26/05/2016,14.25,18240,2265,6.29,0.0585,6.83,38,989,1044,697,69.23,78,7.45,39,,
27/05/2016,15.38,17760,2512,6.12,0.0527,6.68,38,2214,1146,707,71.86,96,7.44,38,,
28/05/2016,16.74,18720,2594,6.46,0.0646,6.73,38,1544,1176,777,70.05,78,7.47,36.5,,
29/05/2016,16.01,18480,2512,6.37,0.0675,6.75,38,1020,1044,781,68.91,114,7.23,39,,
30/05/2016,13.98,17520,2314,6.04,0.0592,6.81,38,766,1032,725,68.67,108,7.3,39.8,,
31/05/2016,15.25,18000,2457,6.21,0.0621,6.72,38.7,954,1020,733,70.17,114,7.3,37,,
01/06/2016,16.11,18240,2561,6.29,0.066,6.98,37,1166,1080,796,68.92,96,7.37,37,,
02/06/2016,15.42,17760,2518,6.12,0.0704,6.85,37.6,1242,1002,741,70.57,84,7.37,36.8,,
03/06/2016,13.16,16800,2271,5.79,0.0521,6.61,37,648,1002,824,63.72,54,7.39,36.5,,
04/06/2016,14.89,17760,2432,6.12,0.0582,6.75,37,1433,1014,855,64.84,66,7.36,36.5,,
05/06/2016,16.01,17280,2687,5.96,0.0644,7.02,37,757,1008,804,70.08,102,7.23,35.7,,
06/06/2016,14.07,16800,2428,5.79,0.0533,6.69,37.6,970,846,784,67.71,102,7.36,37,,
07/06/2016,13.86,17280,2326,5.96,0.0441,6.63,37,667,900,804,65.43,60,7.62,36.5,,
08/06/2016,13.74,17520,2275,6.04,0.0459,6.54,37,387,876,714,68.62,60,7.43,36,,
09/06/2016,8.47,14400,1706,4.97,0.0339,6.66,36,312,840,643,62.31,60,7.37,,,
10/06/2016,11.78,17040,2004,5.88,0.0429,6.82,36.7,343,786,614,69.36,90,7.25,,,
11/06/2016,14.21,17760,2320,6.12,0.0508,6.92,36.6,,768,506,78.19,66,7.35,37.5,,
12/06/2016,14.06,18000,2265,6.21,0.0484,6.75,37.6,,864,506,77.66,54,7.4,37.5,,
13/06/2016,13.96,17040,2375,5.88,0.0541,6.83,37.7,,1044,926,61.01,72,,,,
14/06/2016,15.65,17280,2626,5.96,0.0375,6.73,38,,1098,661,74.83,78,7.33,37,,
16/06/2016,13.96,17520,2311,6.04,0.0471,6.77,38,,948,615,73.39,84,,,,
17/06/2016,14.89,17760,2432,6.12,0.0484,6.82,37,376,1044,684,71.88,78,7.24,37.5,,
19/06/2016,13.57,17280,2278,5.96,0.0447,6.47,38,795,960,536,76.47,78,7.39,38,,
20/06/2016,12.37,15360,2335,5.3,0.0434,6.49,38,637,1050,689,70.49,72,7.36,37.9,,
21/06/2016,13.41,18480,2105,6.37,0.0497,6.81,38.8,366,960,616,70.74,54,7.38,37.9,,
22/06/2016,11.56,17520,1914,6.04,0.0489,6.8,38,279,834,593,69.02,90,7.35,38.9,,
23/06/2016,14.85,18480,2331,6.37,0.037,6.63,37,371,942,728,68.77,78,7.37,38.1,,
24/06/2016,14.74,18000,2374,6.21,0.0571,6.88,38,300,840,805,66.09,78,,,,
28/06/2016,14.94,18480,2344,6.37,0.0701,6.88,38,481,912,781,66.68,72,,,,
29/06/2016,13.82,18000,2226,6.21,0.0509,6.74,39,342,1020,644,71.07,90,7.35,38.9,,
01/07/2016,14.12,18000,2275,6.21,0.0466,6.75,38.8,206,978,720,68.35,66,7.28,37.9,,
02/07/2016,14.2,17520,2351,6.04,0.0429,6.49,37.8,291,906,702,70.14,54,7.3,38.9,,
04/07/2016,14.05,17520,2325,6.04,0.0483,6.61,38.5,280,828,733,68.47,66,,,,
05/07/2016,14.78,18480,2320,6.37,0.0523,6.53,38,280,744,753,67.54,42,7.31,38,,
07/07/2016,11.52,18000,1856,6.21,0.0434,6.78,37,363,840,720,61.21,54,7.27,37.8,,
08/07/2016,11.71,18000,1886,6.21,0.0397,6.72,37,231,828,669,64.53,54,7.43,37.8,,
09/07/2016,12.27,16080,2213,5.54,0.0444,6.62,36.9,220,780,677,69.41,90,7.31,38.5,,
10/07/2016,12.42,18480,1949,6.37,0.0644,6.66,37.8,393,660,669,65.67,42,7.3,38.1,,
16/07/2016,14.26,16800,2461,5.79,0.044,6.65,39,398,870,824,66.52,30,,,,
17/07/2016,14.54,18240,2312,6.29,0.0629,6.71,39,356,870,711,69.25,102,,,,
20/07/2016,15.23,18240,2422,6.29,0.0566,6.73,39,554,966,820,66.14,84,7.11,39,,
22/07/2016,16.14,18720,2500,6.46,0.0788,6.92,40,312,996,969,61.24,60,6.97,40,,
23/07/2016,16.34,18960,2500,6.54,0.0595,6.74,40,292,990,672,73.12,66,7.09,41,,
24/07/2016,14.71,17760,2402,6.12,0.0625,6.76,41,348,798,613,74.48,72,7.07,41,,
25/07/2016,17.04,18000,2746,6.21,0.0633,6.68,41.5,357,828,734,73.27,66,7.09,39,,
26/07/2016,17.64,19200,2664,6.62,0.0609,6.35,41,320,846,723,72.86,78,,,,
27/07/2016,14.64,16800,2527,5.79,0.0585,6.59,40,226,930,730,71.11,102,,,,
30/07/2016,16.32,19200,2465,6.62,0.0768,6.8,42,398,852,633,74.32,72,,,,
02/08/2016,12.56,18000,2023,6.21,0.0633,6.67,40,503,756,683,66.24,96,,,,
05/08/2016,14.21,17040,2418,5.88,0.0494,6.9,41,742,894,773,68.03,90,7.1,39.5,,
06/08/2016,13.15,17280,2207,5.96,0.0489,6.85,41,567,828,756,65.75,96,7.21,39.5,,
07/08/2016,16.31,18720,2527,6.46,0.0413,6.72,40,368,1074,820,67.55,108,,,,
08/08/2016,14.5,17760,2367,6.12,0.0367,6.3,40,349,1020,848,64.17,96,,,,
11/08/2016,17.25,18960,2639,6.54,0.0523,6.4,39.5,499,1044,800,69.69,102,,,,
14/08/2016,11.86,17280,1991,5.96,0.0584,6.69,40.2,433,864,560,71.87,108,7.17,39,,
15/08/2016,14.09,17760,2300,6.12,0.0465,6.48,39,477,792,852,62.96,54,,,,
16/08/2016,14.08,16080,2539,5.54,0.046,6.58,39,431,906,828,67.39,54,,,,
19/08/2016,16.53,18000,2663,6.21,0.0503,6.85,40,514,1002,844,68.31,60,7.29,39,,
21/08/2016,14.99,18000,2415,6.21,0.0447,6.6,39,346,888,816,66.21,30,7.2,38.5,,
22/08/2016,13.49,16560,2363,5.71,0.0514,6.64,39,443,822,848,64.11,54,7.21,39,,
23/08/2016,15.29,18000,2464,6.21,0.0521,6.62,38.5,359,870,824,66.56,66,7.22,39.2,,
24/08/2016,13.74,16320,2442,5.63,0.0563,6.75,39.8,744,864,846,65.36,42,7.23,39,,
25/08/2016,13.04,17280,2189,5.96,0.0328,6.13,39.2,215,840,811,62.95,54,7.29,39,,
26/08/2016,14.91,17280,2502,5.96,0.0489,6.59,39.5,239,882,828,66.91,66,7.26,39.5,,
27/08/2016,13.93,17760,2275,6.12,0.0208,6.64,39,227,834,794,65.1,66,,,,
28/08/2016,14.41,18000,2322,6.21,0.0509,6.7,39,146,828,773,66.71,60,7.21,39.5,,
30/08/2016,13.96,18000,2249,6.21,0.0726,7.14,40,337,774,871,61.27,66,7.26,39.5,,
31/08/2016,12.97,16320,2305,5.63,0.0687,7.11,40,316,786,695,69.85,48,,,,
01/09/2016,13.76,17280,2309,5.96,0.0649,7.17,40,244,828,867,62.45,48,7.22,40,,
03/09/2016,15.65,16320,2781,5.63,0.0405,6.5,40.5,197,1062,820,70.51,54,7.27,40.2,,
04/09/2016,15.09,17520,2498,6.04,0.0411,6.46,41,309,1002,833,66.65,66,7.32,40.8,,
05/09/2016,14.47,17280,2429,5.96,0.0524,6.47,40.2,258,828,858,64.68,36,7.23,40,,
06/09/2016,15.27,18720,2365,6.46,0.0387,6.31,39.5,260,828,811,65.71,48,7.17,40,,
07/09/2016,14.95,18000,2408,6.21,0.0422,6.44,39.5,252,864,850,64.7,42,7.55,39.8,,
08/09/2016,14.05,17520,2326,6.04,0.058,6.94,39,308,840,721,69,90,7.77,37.8,,
09/09/2016,6.73,8400,2322,2.9,0.0255,6.91,40,182,924,763,67.14,102,7.31,38.8,,
10/09/2016,11.56,15600,2149,5.38,0.0619,7.49,38,192,840,796,62.96,66,7.34,38.5,,
11/09/2016,13.68,18720,2120,6.46,0.051,6.66,39,411,900,725,65.8,48,7.33,40,,
12/09/2016,13.13,18000,2115,6.21,0.0484,6.63,39,304,882,750,64.54,36,7.35,39.5,,
13/09/2016,15.52,18480,2436,6.37,0.0523,6.84,40.5,325,924,759,68.84,54,7.49,40.5,,
14/09/2016,14.23,18480,2233,6.37,0.0675,6.99,40,328,816,813,63.59,48,,,,
15/09/2016,13.59,17520,2250,6.04,0.0514,6.93,40,350,1038,822,63.47,78,7.36,41,,
18/09/2016,17.74,18720,2748,6.46,0.0794,7.1,40,282,900,860,68.7,6,7.34,38.5,,
19/09/2016,14.06,16800,2427,5.79,0.0643,6.94,39.5,160,870,860,64.57,36,7.52,36.5,,
20/09/2016,14.69,18480,2305,6.37,0.0739,7.13,38.1,366,828,759,67.07,44.4,7.52,37,,
21/09/2016,13.12,17040,2233,5.88,0.0382,6.62,38,230,924,801,64.13,72,7.56,37,,
22/09/2016,14.74,18480,2313,6.37,0.0644,6.77,38,166,954,822,64.46,54,7.51,39.5,,
23/09/2016,14.26,18240,2268,6.29,0.0736,6.81,37.5,345,936,720,68.25,54,7.46,39,,
24/09/2016,14.43,18960,2207,6.54,0.0693,6.73,40,249,972,797,63.89,18,7.55,40,,
25/09/2016,15.66,17760,2557,6.12,0.06,6.68,39.5,324,990,951,62.81,42,7.43,40,,
26/09/2016,13.8,17520,2285,6.04,0.064,6.83,40,239,960,902,60.53,54,7.5,38,,
27/09/2016,13.58,18960,2077,6.54,0.0647,6.57,39.5,309,948,732,64.76,54,7.45,37.5,,
28/09/2016,12.34,18000,1988,6.21,0.059,6.77,39,273,822,756,61.97,66,7.45,36,,
29/09/2016,8.33,12000,2012,4.14,0.0372,6.76,37.5,365,816,809,59.79,72,7.41,35.5,,
30/09/2016,11.39,17280,1911,5.96,0.0501,6.6,36.5,214,834,744,61.07,96,7.33,39,,
01/10/2016,12.11,17520,2004,6.04,0.0568,6.68,36.5,319,798,740,63.07,54,7.33,38,,
02/10/2016,13.14,17040,2236,5.88,0.0529,6.89,38,521,960,732,67.26,78,7.37,38.5,,
03/10/2016,14.09,17040,2398,5.88,0.0458,6.53,38.5,291,978,967,59.67,42,7.31,39,,
04/10/2016,13.19,17520,2183,6.04,0.0477,6.66,39,256,834,785,64.04,30,7.39,38,,
05/10/2016,12.54,16320,2229,5.63,0.0597,6.78,40,307,816,748,66.44,60,7.35,38,,
06/10/2016,12.93,16320,2297,5.63,0.0484,6.71,38.8,296,816,792,65.52,18,7.45,35,,
07/10/2016,13.47,16800,2325,5.79,0.0649,6.23,38.3,319,822,908,60.95,66,7.37,37.5,,
08/10/2016,12.62,16800,2178,5.79,0.0602,6.98,38,233,768,836,61.62,54,7.29,37,,
09/10/2016,11.95,15360,2257,5.3,0.0535,6.48,37.5,430,726,796,64.73,36,7.23,38,,
10/10/2016,12.61,17040,2146,5.88,0.0658,6.75,37,232,828,916,57.32,66,7.26,38,,
11/10/2016,12.93,16320,2297,5.63,0.0743,6.92,38.5,375,846,959,58.25,60,7.29,39.5,,
12/10/2016,15.41,17760,2516,6.12,0.0661,6.76,38,501,948,796,68.36,66,7.33,38.5,,
13/10/2016,14.72,16320,2616,5.63,0.063,6.93,39.5,395,978,768,70.64,60,7.35,38.5,,
14/10/2016,14.88,18000,2397,6.21,0.0776,6.91,38.2,388,918,800,66.62,90,,,,
15/10/2016,13.8,15120,2647,5.21,0.0824,6.67,38.8,381,972,792,70.08,66,,,,
