Date,OLR,F,inCOD,HLR,ALR,pH0,T,TSS,VFA,outCOD,CODrate,VFA1,pH1,T_in,T_high,T_low
24/11/2014,14.21,18000,2289,6.21,0.0528,6.78,33.0,396.0,1116.0,859,62.47,171.6,7.26,33.0,12.0,4.0
25/11/2014,14.43,18000,2325,6.21,0.0434,6.74,33.0,307.0,1068.0,902,61.2,150.0,7.23,33.0,11.0,1.0
26/11/2014,14.56,18000,2345,6.21,0.0484,6.64,34.0,415.0,1038.0,863,63.2,157.8,7.21,33.0,15.0,2.0
27/11/2014,14.52,17520,2403,6.04,0.052000000000000005,6.74,33.0,379.0,1194.0,907,62.26,156.0,7.32,33.0,12.0,6.0
28/11/2014,14.54,18000,2343,6.21,0.0497,6.58,32.0,401.0,1116.0,926,60.48,228.0,7.18,31.0,9.0,-1.0
29/11/2014,14.97,18000,2412,6.21,0.0689,6.69,33.0,561.0,1122.0,1011,58.08,177.6,7.24,32.0,10.0,4.0
30/11/2014,13.52,18000,2179,6.21,0.0602,6.84,32.0,293.0,1068.0,930,57.32,222.0,7.23,31.0,8.0,-7.0
01/12/2014,12.39,17040,2108,5.88,0.0664,6.91,30.0,413.0,960.0,893,57.64,247.8,7.21,30.0,0.0,-8.0
02/12/2014,10.87,14400,2190,4.97,0.0561,6.94,29.0,332.0,942.0,924,57.81,216.0,7.11,30.0,2.0,-7.0
03/12/2014,10.79,14400,2173,4.97,0.0472,6.71,31.0,304.0,1110.0,934,57.02,246.0,7.2,31.0,2.0,-8.0
04/12/2014,11.49,14880,2239,5.13,0.0503,6.77,31.0,193.0,1044.0,923,58.78,229.8,7.14,30.0,2.0,-8.0
05/12/2014,11.23,15600,2088,5.38,0.0511,6.72,31.0,356.0,1056.0,909,56.47,229.8,7.13,31.0,3.0,-8.0
06/12/2014,9.87,15600,1835,5.38,0.0516,6.67,31.0,253.0,996.0,825,55.04,246.0,7.05,31.0,6.0,-4.0
07/12/2014,11.79,15600,2191,5.38,0.049,6.62,32.0,312.0,1074.0,960,56.18,222.0,7.11,32.0,6.0,-4.0
08/12/2014,12.01,15600,2233,5.38,0.0506,6.7,32.0,331.0,1056.0,984,55.93,246.0,7.1,32.0,5.0,-4.0
09/12/2014,9.48,13200,2082,4.55,0.040999999999999995,6.56,33.0,280.0,900.0,935,55.09,192.0,7.1,32.0,5.0,0.0
10/12/2014,8.35,12000,2018,4.14,0.0327,6.75,31.0,346.0,888.0,983,51.29,186.0,7.01,32.0,7.0,-4.0
11/12/2014,9.1,12000,2199,4.14,0.0393,6.74,31.0,259.0,876.0,1027,53.3,180.0,7.06,31.0,2.0,-7.0
12/12/2014,8.93,12000,2158,4.14,0.0389,6.69,32.0,274.0,894.0,968,55.14,180.0,7.11,31.0,3.0,-8.0
13/12/2014,8.69,12000,2101,4.14,0.0372,6.66,32.0,282.0,858.0,955,54.55,168.0,7.18,32.0,5.0,-6.0
14/12/2014,7.85,12000,1897,4.14,0.0377,6.83,32.0,209.0,804.0,922,51.4,174.0,7.3,31.0,6.0,-2.0
06/03/2015,7.59,9600,2292,3.31,0.0271,6.51,26.0,220.0,1128.0,774,66.23,36.0,7.22,26.0,15.0,0.0
07/03/2015,8.94,10800,2400,3.72,0.0257,6.43,27.0,238.0,1098.0,745,68.96,36.0,7.12,26.0,13.0,2.0
08/03/2015,8.69,12000,2101,4.14,0.0244,6.49,29.0,282.0,1110.0,850,59.54,54.0,7.19,29.0,8.0,-4.0
09/03/2015,11.11,13200,2441,4.55,0.0332,6.6,27.0,225.0,1056.0,829,66.04,30.0,7.21,27.0,7.0,-6.0
10/03/2015,11.65,14400,2347,4.97,0.0437,6.7,26.0,189.0,1032.0,919,60.84,36.0,7.2,26.0,12.0,-2.0
11/03/2015,11.97,15600,2226,5.38,0.0538,6.68,27.0,194.0,882.0,835,62.49,30.0,7.17,26.0,16.0,-2.0
12/03/2015,11.05,16800,1907,5.79,0.062,6.72,26.0,203.0,882.0,831,56.42,48.0,7.12,26.0,14.0,1.0
13/03/2015,11.68,18000,1881,6.21,0.0515,6.83,29.0,397.0,822.0,696,63.0,36.0,7.09,28.0,14.0,1.0
14/03/2015,15.34,18480,2407,6.37,0.0618,6.57,32.0,317.0,786.0,802,66.68,60.0,7.24,31.0,18.0,2.0
15/03/2015,14.93,18240,2373,6.29,0.0679,6.62,33.0,501.0,948.0,766,67.72,96.0,7.16,33.0,23.0,6.0
16/03/2015,15.29,18480,2400,6.37,0.0663,6.64,35.0,559.0,978.0,780,67.5,60.0,7.16,34.0,14.0,10.0
17/03/2015,15.77,18000,2541,6.21,0.0664,6.67,35.0,449.0,1086.0,806,68.28,42.0,7.21,34.0,12.0,4.0
18/03/2015,13.34,17040,2270,5.88,0.0646,6.82,34.0,475.0,990.0,877,61.37,36.0,7.18,34.0,18.0,1.0
19/03/2015,15.37,18000,2477,6.21,0.0596,6.64,35.0,339.0,1098.0,778,68.59,54.0,7.22,34.0,22.0,6.0
20/03/2015,14.39,18000,2318,6.21,0.0528,6.71,35.0,349.0,1122.0,884,61.86,53.4,7.22,34.0,17.0,7.0
21/03/2015,12.76,18240,2028,6.29,0.0679,6.92,33.0,322.0,948.0,683,66.32,48.0,7.33,33.0,12.0,3.0
22/03/2015,15.39,18240,2447,6.29,0.0667,6.72,34.0,299.0,1056.0,796,67.47,60.0,7.37,33.0,16.0,0.0
23/03/2015,15.87,18960,2428,6.54,0.0536,6.65,34.0,331.0,996.0,840,65.4,72.0,7.32,33.0,20.0,2.0
24/03/2015,15.89,19200,2400,6.62,0.0669,6.64,35.0,405.0,996.0,782,67.42,54.0,7.27,34.0,20.0,5.0
25/03/2015,15.53,19200,2346,6.62,0.0669,6.72,36.0,528.0,984.0,808,65.56,66.0,7.28,34.0,22.0,4.0
26/03/2015,16.25,19200,2455,6.62,0.0695,6.81,35.0,399.0,1050.0,863,64.85,42.0,7.34,35.0,21.0,4.0
27/03/2015,14.72,18000,2371,6.21,0.0677,6.99,36.0,405.0,1068.0,839,64.61,54.0,7.39,35.0,24.0,9.0
28/03/2015,12.95,18000,2087,6.21,0.067,6.78,35.0,461.0,1068.0,858,58.89,36.0,7.4,35.0,24.0,6.0
29/03/2015,11.02,16800,1902,5.79,0.0475,6.71,35.0,335.0,768.0,791,58.41,30.0,7.37,35.0,26.0,9.0
30/03/2015,10.49,17280,1761,5.96,0.0667,7.12,35.0,657.0,720.0,668,62.07,18.0,7.42,34.0,22.0,9.0
31/03/2015,10.55,18720,1635,6.46,0.071,6.8,34.0,323.0,708.0,747,54.31,42.0,7.56,34.0,15.0,7.0
01/04/2015,11.32,18240,1799,6.29,0.0478,6.69,33.0,486.0,768.0,692,61.53,18.0,7.53,33.0,10.0,8.0
02/04/2015,11.82,19680,1742,6.79,0.0441,6.62,33.0,307.0,678.0,659,62.17,24.0,7.5,32.0,14.0,5.0
03/04/2015,13.53,19200,2043,6.62,0.0463,6.62,34.0,837.0,1008.0,728,64.37,36.0,7.4,32.0,15.0,4.0
04/04/2015,12.2,18000,1966,6.21,0.0571,6.73,34.0,1331.0,924.0,782,60.22,42.0,7.29,33.0,18.0,4.0
05/04/2015,11.81,18480,1853,6.37,0.0561,6.91,35.0,787.0,822.0,672,63.73,36.0,7.28,33.0,10.0,3.0
06/04/2015,13.47,18720,2087,6.46,0.0633,6.84,34.0,517.0,828.0,794,61.95,30.0,7.34,32.0,12.0,0.0
07/04/2015,12.26,18480,1924,6.37,0.0612,6.82,33.0,615.0,900.0,693,63.98,36.0,7.31,31.0,16.0,0.0
08/04/2015,13.94,18960,2132,6.54,0.0634,6.76,33.0,661.0,852.0,744,65.1,30.0,7.3,32.0,17.0,3.0
10/04/2015,13.01,17520,2153,6.04,0.0429,6.59,34.0,355.0,930.0,721,66.51,42.0,7.23,34.0,24.0,8.0
11/04/2015,14.37,17760,2347,6.12,0.040999999999999995,6.69,35.0,355.0,990.0,881,62.46,30.0,7.42,35.0,16.0,8.0
12/04/2015,13.1,18960,2003,6.54,0.0458,6.8,32.0,198.0,1020.0,825,58.81,54.0,7.32,32.0,11.0,5.0
13/04/2015,13.89,18960,2124,6.54,0.0673,6.84,32.0,227.0,744.0,735,65.4,42.0,7.47,32.0,20.0,3.0
14/04/2015,14.43,19200,2179,6.62,0.0609,6.81,34.0,167.0,954.0,797,63.42,54.0,7.45,33.0,27.0,10.0
15/04/2015,15.15,18720,2347,6.46,0.062,6.72,36.0,181.0,924.0,728,68.98,36.0,7.46,35.0,23.0,11.0
16/04/2015,16.54,18960,2530,6.54,0.0445,6.54,36.0,212.0,1182.0,672,73.44,24.0,7.36,34.0,24.0,9.0
17/04/2015,15.19,18960,2323,6.54,0.0471,6.8,36.0,273.0,1218.0,783,66.29,42.0,7.36,35.0,20.0,10.0
18/04/2015,15.57,19200,2351,6.62,0.0503,6.75,36.0,295.0,1218.0,797,66.1,24.0,7.45,35.0,17.0,9.0
19/04/2015,13.86,19200,2093,6.62,0.0536,6.64,34.0,204.0,1158.0,747,64.31,18.0,7.55,34.0,20.0,6.0
20/04/2015,12.92,18480,2028,6.37,0.0472,6.92,33.0,297.0,1146.0,708,65.09,24.0,7.44,32.0,25.0,7.0
21/04/2015,15.36,18720,2379,6.46,0.0658,6.81,35.0,253.0,1020.0,943,60.36,18.0,7.52,32.0,24.0,8.0
22/04/2015,16.45,19200,2484,6.62,0.0424,6.47,37.0,235.0,1194.0,790,68.2,30.0,7.47,37.0,30.0,13.0
23/04/2015,16.45,18240,2616,6.29,0.0566,6.47,37.0,228.0,1056.0,1136,56.57,42.0,7.46,36.0,26.0,12.0
24/04/2015,15.7,18960,2401,6.54,0.0562,6.39,38.0,249.0,1044.0,843,64.89,36.0,7.42,37.0,30.0,14.0
25/04/2015,14.66,19200,2214,6.62,0.0503,6.79,38.0,343.0,1200.0,929,58.04,19.2,7.47,37.0,32.0,18.0
26/04/2015,15.25,19200,2303,6.62,0.0689,6.95,38.0,308.0,1068.0,897,61.05,6.0,7.43,37.0,28.0,17.0
27/04/2015,15.17,19200,2292,6.62,0.0642,6.97,38.0,330.0,1098.0,888,61.26,6.0,7.51,38.0,25.0,14.0
01/05/2015,16.21,19440,2418,6.7,0.0697,6.85,38.0,468.0,1140.0,974,59.72,18.0,7.43,38.0,22.0,15.0
02/05/2015,17.73,19680,2613,6.79,0.057,6.77,38.0,398.0,1236.0,978,62.57,24.0,7.62,38.0,26.0,11.0
03/05/2015,17.3,19680,2550,6.79,0.0529,6.69,38.0,500.0,1272.0,974,61.8,18.0,7.3,38.0,23.0,11.0
07/05/2015,12.41,17760,2027,6.12,0.0496,6.72,37.0,262.0,900.0,630,68.92,6.0,7.67,37.0,24.0,13.0
08/05/2015,13.91,17520,2302,6.04,0.0471,6.63,38.0,460.0,894.0,826,64.12,30.0,7.43,38.0,32.0,19.0
11/05/2015,14.38,17760,2348,6.12,0.0631,6.84,35.0,396.0,918.0,654,72.15,12.0,7.44,37.0,32.0,19.0
12/05/2015,14.23,17760,2324,6.12,0.0612,6.82,37.0,364.0,870.0,797,65.71,6.0,7.66,35.0,32.0,19.0
15/05/2015,16.25,17280,2727,5.96,0.0489,6.62,38.0,198.0,1122.0,885,67.55,18.0,7.17,39.0,25.0,10.0
17/05/2015,13.47,15600,2504,5.38,0.0559,6.46,38.0,90.0,1062.0,1148,54.15,12.0,7.1,37.0,31.0,18.0
18/05/2015,13.68,17760,2233,6.12,0.0588,6.89,38.0,188.0,900.0,957,57.14,6.0,7.19,37.0,31.0,14.0
19/05/2015,13.91,17280,2335,5.96,0.0459,6.49,37.0,424.0,972.0,806,65.48,12.0,7.16,37.0,27.0,12.0
22/05/2015,14.89,17760,2431,6.12,0.0661,6.97,37.0,328.0,876.0,879,63.84,6.0,7.2,37.0,31.0,18.0
25/05/2015,15.35,17760,2507,6.12,0.0625,6.83,37.0,352.0,864.0,912,63.62,12.0,7.08,37.0,31.0,17.0
27/05/2015,13.54,18240,2153,6.29,0.0484,6.45,38.0,626.0,816.0,817,62.05,18.0,7.04,38.0,30.0,15.0
28/05/2015,13.32,16080,2402,5.54,0.0366,6.5,37.0,1142.0,942.0,676,71.86,6.0,7.16,37.0,27.0,18.0
29/05/2015,16.19,18000,2608,6.21,0.0652,6.57,37.0,2260.0,1014.0,905,65.3,24.0,7.24,37.0,26.0,18.0
30/05/2015,16.2,18240,2575,6.29,0.0428,6.52,38.0,1514.0,1038.0,781,69.67,12.0,7.12,38.0,29.0,17.0
31/05/2015,16.07,18240,2555,6.29,0.0686,6.42,38.0,2282.0,900.0,877,65.68,24.0,7.28,38.0,31.0,21.0
01/06/2015,14.03,16800,2422,5.79,0.0481,6.38,38.0,582.0,990.0,942,61.11,12.0,7.19,38.0,33.0,21.0
03/06/2015,15.12,19200,2283,6.62,0.043,6.42,37.0,580.0,804.0,884,61.28,6.0,7.18,39.0,31.0,19.0
04/06/2015,15.72,19440,2345,6.7,0.0483,6.49,39.0,612.0,720.0,876,62.64,12.0,6.97,39.0,30.0,16.0
05/06/2015,17.34,19200,2619,6.62,0.0364,6.44,38.0,430.0,762.0,1113,57.5,24.0,7.07,38.0,33.0,22.0
07/06/2015,16.53,19200,2496,6.62,0.0159,6.29,37.0,502.0,882.0,883,64.62,12.0,7.18,37.0,34.0,21.0
08/06/2015,17.62,19200,2661,6.62,0.0364,6.39,37.0,418.0,960.0,948,64.37,36.0,7.25,39.0,30.0,19.0
09/06/2015,12.09,19200,1826,6.62,0.0463,6.46,37.0,472.0,780.0,645,64.68,6.0,7.21,37.0,36.0,21.0
10/06/2015,17.27,19200,2609,6.62,0.0543,6.53,37.0,660.0,918.0,996,61.82,36.0,7.23,38.0,35.0,20.0
11/06/2015,15.11,19200,2282,6.62,0.0437,6.41,38.0,788.0,756.0,883,61.31,18.0,7.12,38.0,31.0,19.0
12/06/2015,15.07,16800,2601,5.79,0.0388,6.39,37.0,756.0,774.0,835,67.9,24.0,7.24,37.0,33.0,20.0
13/06/2015,16.39,19200,2475,6.62,0.0569,6.52,37.0,662.0,840.0,851,65.62,18.0,7.19,37.0,31.0,18.0
14/06/2015,17.38,18720,2693,6.46,0.062,6.69,38.0,694.0,858.0,976,63.76,30.0,7.18,39.0,31.0,18.0
15/06/2015,15.83,17280,2656,5.96,0.0489,6.43,38.0,498.0,888.0,863,67.51,12.0,7.22,38.0,33.0,20.0
16/06/2015,16.19,18000,2609,6.21,0.0434,6.52,38.0,756.0,816.0,911,65.08,18.0,7.07,38.0,34.0,21.0
17/06/2015,15.5,17760,2531,6.12,0.0398,6.42,38.0,554.0,954.0,855,66.22,90.0,7.02,37.0,33.0,21.0
18/06/2015,15.08,17280,2531,5.96,0.0495,6.74,37.0,452.0,1057.8,919,63.69,96.0,7.11,38.0,31.0,16.0
19/06/2015,13.16,16560,2305,5.71,0.0434,7.13,38.0,478.0,1056.0,830,63.99,96.0,7.22,37.0,29.0,18.0
20/06/2015,13.43,19200,2028,6.62,0.0794,7.08,37.0,516.0,942.0,826,59.27,102.0,7.25,37.0,30.0,18.0
21/06/2015,13.54,18000,2181,6.21,0.07200000000000001,7.09,37.0,564.0,1020.0,834,61.76,96.0,7.22,38.0,32.0,19.0
22/06/2015,13.98,17520,2314,6.04,0.0604,7.21,36.0,712.0,1146.0,1006,56.53,108.0,7.33,36.0,32.0,21.0
23/06/2015,12.76,18000,2055,6.21,0.0732,7.28,38.0,526.0,972.0,875,57.42,120.0,7.38,36.0,31.0,21.0
24/06/2015,13.77,17040,2344,5.88,0.0729,7.16,39.0,744.0,1032.0,900,61.6,102.0,7.32,39.0,28.0,20.0
25/06/2015,13.62,17040,2318,5.88,0.0576,7.03,37.0,570.0,1086.0,1045,54.92,90.0,7.3,38.0,24.0,18.0
26/06/2015,14.39,17760,2349,6.12,0.049,6.7,39.0,286.0,1062.0,819,65.13,114.0,7.09,39.0,30.0,19.0
27/06/2015,12.3,16800,2123,5.79,0.0614,6.52,39.0,618.0,756.0,735,65.38,66.0,6.96,39.0,31.0,20.0
28/06/2015,12.63,17040,2149,5.88,0.0635,7.08,38.0,438.0,804.0,808,62.4,30.0,7.01,39.0,31.0,21.0
29/06/2015,13.11,17520,2170,6.04,0.0532,6.74,38.0,262.0,816.0,668,69.22,78.0,6.97,39.0,27.0,18.0
30/06/2015,11.98,16320,2128,5.63,0.0473,6.85,38.0,378.0,918.0,779,63.39,78.0,7.21,38.0,27.0,19.0
01/07/2015,14.54,16800,2510,5.79,0.0481,6.88,39.0,436.0,1050.0,847,66.25,54.0,7.13,39.0,33.0,18.0
02/07/2015,12.81,16080,2310,5.54,0.0499,6.95,38.0,296.0,1056.0,757,67.23,84.0,7.27,39.0,33.0,18.0
03/07/2015,12.86,15600,2391,5.38,0.0511,6.99,38.0,410.0,972.0,881,63.15,84.0,7.23,39.0,32.0,16.0
04/07/2015,13.1,16080,2362,5.54,0.0493,7.08,39.0,298.0,1056.0,762,67.74,78.0,7.32,39.0,31.0,18.0
05/07/2015,14.32,16800,2472,5.79,0.0568,6.91,39.0,404.0,996.0,894,63.83,84.0,7.33,39.0,32.0,20.0
06/07/2015,11.63,15600,2162,5.38,0.0565,7.19,39.0,304.0,906.0,757,64.99,60.0,7.21,39.0,30.0,20.0
07/07/2015,12.46,15840,2281,5.46,0.0579,7.17,39.0,498.0,876.0,851,62.69,90.0,7.25,39.0,31.0,18.0
08/07/2015,11.48,14400,2312,4.97,0.0581,7.21,39.0,335.0,786.0,809,65.01,66.0,7.28,39.0,31.0,18.0
09/07/2015,11.35,15120,2177,5.21,0.048,7.04,38.0,400.0,834.0,830,61.87,72.0,7.17,38.0,32.0,22.0
10/07/2015,13.03,16080,2350,5.54,0.0432,6.54,39.0,490.0,768.0,876,62.72,78.0,6.98,39.0,30.0,22.0
11/07/2015,12.84,16080,2316,5.54,0.040999999999999995,6.59,39.0,444.0,816.0,863,62.74,84.0,7.23,39.0,32.0,23.0
12/07/2015,11.68,15840,2139,5.46,0.0404,6.93,38.0,810.0,780.0,712,66.71,72.0,7.08,39.0,29.0,23.0
13/07/2015,9.95,16080,1794,5.54,0.0549,7.14,39.0,668.0,666.0,682,61.98,54.0,7.18,38.0,37.0,23.0
14/07/2015,12.14,16080,2190,5.54,0.0493,7.1,39.0,298.0,876.0,716,67.31,72.0,7.09,38.0,37.0,22.0
15/07/2015,13.0,15600,2417,5.38,0.057,6.9,39.0,488.0,810.0,787,67.44,30.0,7.16,39.0,35.0,22.0
16/07/2015,8.85,12000,2139,4.14,0.0459,6.39,38.0,608.0,804.0,758,64.56,54.0,7.26,39.0,28.0,22.0
17/07/2015,11.46,15120,2198,5.21,0.0344,6.6,38.0,1611.0,846.0,724,67.06,84.0,7.09,39.0,31.0,21.0
18/07/2015,10.75,14400,2164,4.97,0.0482,7.03,38.0,402.0,852.0,716,66.91,102.0,7.15,39.0,32.0,20.0
19/07/2015,11.08,14400,2232,4.97,0.0437,7.04,38.0,362.0,936.0,674,69.8,102.0,7.25,39.0,29.0,22.0
20/07/2015,9.38,11040,2463,3.81,0.0175,6.39,39.0,424.0,1002.0,733,70.24,108.0,7.17,39.0,28.0,22.0
21/07/2015,8.9,12720,2030,4.39,0.0351,6.55,39.0,304.0,894.0,627,69.11,78.0,7.07,38.0,32.0,22.0
22/07/2015,13.27,15360,2506,5.3,0.0318,6.62,39.0,303.0,1098.0,779,68.91,78.0,7.41,39.0,33.0,24.0
23/07/2015,11.81,14400,2379,4.97,0.0248,6.49,39.0,302.0,978.0,653,72.55,60.0,7.04,39.0,31.0,23.0
24/07/2015,12.9,15840,2362,5.46,0.0382,6.61,39.0,303.0,840.0,762,67.74,84.0,7.07,39.5,31.0,22.0
25/07/2015,12.53,14880,2442,5.13,0.0395,6.55,39.0,324.0,744.0,758,68.96,84.0,7.06,38.5,33.0,24.0
26/07/2015,13.98,15120,2682,5.21,0.0328,6.55,39.0,195.0,750.0,707,73.64,78.0,7.04,41.0,34.0,24.0
27/07/2015,13.96,15120,2678,5.21,0.0287,6.57,39.0,182.0,804.0,772,71.17,66.0,6.88,40.0,35.0,25.0
28/07/2015,12.67,15120,2430,5.21,0.0282,6.48,39.0,199.0,744.0,699,71.23,72.0,7.06,39.1,34.0,26.0
29/07/2015,12.97,14880,2527,5.13,0.0267,6.58,39.0,128.0,834.0,760,69.92,72.0,6.93,39.5,35.0,27.0
30/07/2015,15.16,16800,2617,5.79,0.0324,6.48,39.0,284.0,834.0,752,71.26,66.0,6.99,38.9,35.0,25.0
31/07/2015,13.38,15360,2527,5.3,0.0265,6.42,39.0,305.0,696.0,779,69.17,48.0,6.92,38.5,32.0,24.0
01/08/2015,13.53,16080,2441,5.54,0.0261,6.33,39.0,847.0,900.0,857,64.89,72.0,6.91,39.0,32.0,25.0
02/08/2015,14.6,15600,2714,5.38,0.0366,6.4,38.0,212.0,834.0,821,69.75,54.0,7.16,38.0,34.0,26.0
03/08/2015,16.22,16560,2840,5.71,0.0297,6.37,39.0,149.0,900.0,829,70.81,72.0,7.13,40.0,33.0,26.0
04/08/2015,11.96,15840,2190,5.46,0.0317,6.36,39.0,229.0,732.0,813,62.88,54.0,7.03,38.0,27.0,23.0
05/08/2015,12.89,15360,2434,5.3,0.036000000000000004,6.62,39.0,239.0,852.0,776,68.12,78.0,6.97,39.0,32.0,24.0
06/08/2015,14.01,17760,2287,6.12,0.0441,6.67,38.0,261.0,780.0,837,63.4,90.0,7.02,38.0,30.0,23.0
07/08/2015,11.54,15120,2214,5.21,0.0229,6.48,38.0,342.0,708.0,731,66.98,78.0,6.96,38.0,26.0,22.0
08/08/2015,13.84,15600,2572,5.38,0.0274,6.52,39.0,396.0,804.0,792,69.21,72.0,6.93,39.0,28.0,24.0
09/08/2015,17.41,19200,2629,6.62,0.0404,6.55,39.0,457.0,798.0,880,66.53,90.0,6.92,39.0,32.0,23.0
10/08/2015,13.76,16080,2482,5.54,0.0366,6.61,38.0,243.0,930.0,861,65.31,72.0,7.01,38.0,31.0,22.0
11/08/2015,12.3,16080,2219,5.54,0.0355,6.55,38.0,327.0,876.0,753,66.07,42.0,7.15,37.1,30.0,20.0
12/08/2015,15.03,18240,2390,6.29,0.0409,6.58,38.0,368.0,876.0,837,64.98,54.0,7.07,38.2,32.0,22.0
13/08/2015,15.25,17040,2596,5.88,0.0488,6.56,39.0,578.0,846.0,825,68.22,54.0,7.01,39.0,35.0,21.0
14/08/2015,14.38,16800,2482,5.79,0.0434,6.66,39.0,687.0,900.0,849,65.79,60.0,7.2,39.8,33.0,22.0
15/08/2015,13.44,15360,2538,5.3,0.0371,6.55,39.0,644.0,894.0,797,68.6,102.0,7.17,38.0,29.0,21.0
16/08/2015,13.69,15120,2625,5.21,0.0308,6.45,38.0,521.0,846.0,797,69.64,60.0,7.0,38.0,32.0,22.0
17/08/2015,14.8,15840,2709,5.46,0.036000000000000004,6.57,38.0,761.0,918.0,888,67.22,36.0,6.91,40.0,32.0,22.0
18/08/2015,12.25,12960,2741,4.47,0.0438,6.65,38.0,741.0,888.0,916,66.58,48.0,7.01,40.0,32.0,21.0
19/08/2015,12.57,15120,2410,5.21,0.0375,6.59,39.0,654.0,816.0,857,64.44,42.0,6.91,38.0,30.0,21.0
20/08/2015,13.93,16560,2439,5.71,0.0423,6.57,38.0,519.0,840.0,903,62.98,48.0,7.1,38.0,30.0,20.0
21/08/2015,13.41,17760,2189,6.12,0.0404,6.67,38.0,514.0,930.0,730,66.65,66.0,7.18,39.8,32.0,19.0
22/08/2015,14.53,16800,2508,5.79,0.0498,6.62,38.0,697.0,804.0,943,62.4,72.0,6.87,39.5,33.0,21.0
23/08/2015,13.28,16560,2326,5.71,0.0423,6.55,39.0,440.0,720.0,931,59.97,30.0,6.92,38.5,31.0,19.0
24/08/2015,10.81,14400,2177,4.97,0.0506,6.67,38.0,604.0,720.0,835,61.64,24.0,7.05,38.5,29.0,19.0
26/08/2015,10.91,16080,1968,5.54,0.0477,6.6,38.0,1023.0,702.0,766,61.08,54.0,7.03,39.5,27.0,20.0
27/08/2015,8.18,14400,1648,4.97,0.0497,6.64,39.0,2040.0,648.0,742,54.98,24.0,6.94,39.0,28.0,18.0
28/08/2015,11.56,14640,2290,5.05,0.048,6.68,39.0,1277.0,696.0,839,63.36,42.0,7.01,38.9,30.0,19.0
29/08/2015,12.41,14400,2500,4.97,0.0343,6.44,39.0,928.0,852.0,887,64.52,18.0,6.9,39.0,30.0,18.0
30/08/2015,10.45,14400,2105,4.97,0.0487,6.67,38.0,728.0,900.0,685,67.46,36.0,7.07,38.2,30.0,20.0
31/08/2015,12.15,13440,2621,4.63,0.0301,6.53,38.0,573.0,870.0,871,66.77,48.0,7.03,39.5,29.0,20.0
01/09/2015,12.0,14880,2339,5.13,0.0328,6.6,38.0,764.0,876.0,843,63.96,54.0,7.09,39.0,25.0,18.0
02/09/2015,14.14,15600,2629,5.38,0.0516,6.54,38.0,746.0,792.0,901,65.73,60.0,7.06,39.1,25.0,18.0
03/09/2015,12.63,15840,2313,5.46,0.0579,6.63,38.0,670.0,762.0,823,64.42,48.0,7.23,39.7,30.0,19.0
04/09/2015,12.39,15600,2304,5.38,0.0559,6.64,38.0,751.0,732.0,819,64.45,54.0,7.12,39.8,29.0,19.0
05/09/2015,12.23,15120,2346,5.21,0.049,6.34,38.0,926.0,792.0,893,61.94,54.0,7.02,39.5,26.0,18.0
06/09/2015,12.88,14880,2510,5.13,0.0528,6.65,39.0,653.0,822.0,844,66.37,60.0,7.29,39.5,25.0,16.0
07/09/2015,11.61,14640,2300,5.05,0.0485,6.66,39.0,460.0,768.0,839,63.52,54.0,7.11,38.5,28.0,18.0
08/09/2015,14.59,16800,2518,5.79,0.062,6.39,39.0,472.0,840.0,942,62.59,60.0,7.09,38.2,29.0,17.0
09/09/2015,11.16,14400,2247,4.97,0.0427,6.62,38.0,898.0,720.0,839,62.66,66.0,7.13,38.0,28.0,18.0
10/09/2015,12.61,16800,2177,5.79,0.055,6.47,39.0,588.0,720.0,901,58.61,90.0,7.17,38.5,25.0,18.0
11/09/2015,13.38,16800,2309,5.79,0.0545,6.58,38.0,596.0,744.0,860,62.75,78.0,7.19,37.5,22.0,15.0
12/09/2015,10.54,16800,1819,5.79,0.0377,6.54,38.0,382.0,660.0,724,60.2,90.0,7.34,37.5,22.0,12.0
13/09/2015,12.41,16560,2173,5.71,0.0263,6.43,38.0,543.0,762.0,720,66.87,60.0,7.29,38.0,27.0,13.0
14/09/2015,15.07,18000,2428,6.21,0.0608,6.61,39.0,244.0,780.0,1025,57.78,78.0,7.18,39.0,26.0,14.0
15/09/2015,15.2,17280,2551,5.96,0.0548,6.55,39.0,358.0,852.0,741,70.95,84.0,7.16,39.0,26.0,15.0
16/09/2015,14.47,16800,2498,5.79,0.0666,6.46,39.0,509.0,804.0,712,71.5,54.0,7.2,39.5,27.0,15.0
17/09/2015,14.47,17280,2428,5.96,0.0489,6.48,39.0,349.0,780.0,864,64.42,66.0,7.06,39.5,28.0,17.0
18/09/2015,11.35,14400,2286,4.97,0.0382,6.64,39.0,356.0,738.0,979,57.17,72.0,7.01,40.0,26.0,17.0
19/09/2015,14.36,16080,2590,5.54,0.051,6.59,38.0,393.0,852.0,907,64.98,60.0,7.16,39.5,27.0,15.0
20/09/2015,14.91,16800,2573,5.79,0.0446,6.65,39.0,143.0,954.0,886,65.57,102.0,7.16,39.5,29.0,14.0
21/09/2015,15.71,17280,2636,5.96,0.0536,6.69,39.0,280.0,840.0,1055,59.98,78.0,7.26,39.5,29.0,17.0
22/09/2015,14.27,17520,2362,6.04,0.0459,6.62,38.0,358.0,966.0,844,64.27,108.0,7.26,39.5,27.0,18.0
23/09/2015,13.68,16080,2468,5.54,0.0305,6.25,39.0,277.0,726.0,865,64.95,54.0,7.17,39.0,28.0,20.0
24/09/2015,16.16,17280,2712,5.96,0.059000000000000004,6.54,39.0,167.0,786.0,966,64.38,48.0,7.05,39.0,28.0,18.0
25/09/2015,15.73,17520,2603,6.04,0.061,6.55,39.0,199.0,774.0,966,62.89,78.0,7.22,38.5,27.0,16.0
26/09/2015,14.3,16800,2468,5.79,0.0452,6.44,39.0,216.0,768.0,877,64.47,54.0,7.14,39.5,28.0,11.0
27/09/2015,12.35,13920,2573,4.8,0.0566,6.43,38.0,396.0,636.0,924,64.09,60.0,7.2,38.5,29.0,16.0
28/09/2015,13.04,15600,2425,5.38,0.05,6.89,38.0,279.0,810.0,839,65.4,54.0,7.02,38.5,27.0,15.0
29/09/2015,13.16,15600,2446,5.38,0.0586,6.59,39.0,188.0,768.0,936,61.73,66.0,7.04,38.0,25.0,15.0
30/09/2015,15.04,17520,2489,6.04,0.0568,6.5,39.0,373.0,792.0,848,65.93,90.0,7.02,38.5,25.0,18.0
01/10/2015,14.7,14880,2864,5.13,0.0508,6.57,38.0,744.0,936.0,1092,61.87,54.0,7.07,39.0,20.0,10.0
02/10/2015,9.65,12000,2333,4.14,0.0513,6.47,37.0,568.0,816.0,775,66.78,54.0,7.31,38.0,27.0,12.0
03/10/2015,12.78,17520,2116,6.04,0.0622,6.65,37.0,242.0,810.0,738,65.12,42.0,7.28,36.0,27.0,16.0
04/10/2015,12.51,17520,2071,6.04,0.0683,6.65,39.0,346.0,780.0,791,61.81,54.0,7.33,39.0,27.0,15.0
05/10/2015,11.83,17760,1931,6.12,0.0674,6.64,39.0,263.0,858.0,882,54.32,66.0,7.2,39.8,28.0,15.0
06/10/2015,14.36,17760,2345,6.12,0.0668,6.59,39.0,226.0,780.0,820,65.03,36.0,7.05,39.0,28.0,17.0
07/10/2015,13.91,17760,2271,6.12,0.06,6.54,38.0,218.0,786.0,836,63.19,60.0,7.0,39.5,25.0,15.0
08/10/2015,13.15,16320,2337,5.63,0.057999999999999996,6.63,39.0,238.0,804.0,906,61.23,102.0,7.08,38.5,21.0,8.0
09/10/2015,12.25,16320,2177,5.63,0.0585,6.55,38.0,221.0,840.0,886,59.3,90.0,7.12,37.6,23.0,6.0
10/10/2015,13.41,17280,2251,5.96,0.059000000000000004,6.64,38.0,341.0,876.0,857,61.93,36.0,7.36,38.0,17.0,8.0
11/10/2015,14.48,18000,2333,6.21,0.0397,6.52,37.0,332.0,1158.0,890,61.85,96.0,7.12,38.0,19.0,10.0
12/10/2015,13.25,17520,2194,6.04,0.0574,6.6,38.0,231.0,858.0,861,60.76,66.0,7.03,37.5,22.0,6.0
13/10/2015,14.85,16800,2563,5.79,0.0539,6.64,37.0,92.0,912.0,882,65.59,90.0,7.11,39.0,26.0,10.0
14/10/2015,15.73,17520,2604,6.04,0.0671,6.64,38.0,317.0,924.0,902,65.36,84.0,7.14,39.0,27.0,12.0
15/10/2015,14.96,17520,2476,6.04,0.0562,6.6,39.0,299.0,978.0,959,61.27,84.0,7.33,39.8,26.0,10.0
16/10/2015,14.59,17760,2383,6.12,0.057,6.62,39.0,327.0,948.0,894,62.48,96.0,7.28,39.0,27.0,11.0
17/10/2015,13.66,17520,2261,6.04,0.061,6.63,39.0,415.0,822.0,899,60.24,72.0,7.3,38.5,28.0,14.0
18/10/2015,14.41,16800,2488,5.79,0.0371,6.74,38.0,560.0,1086.0,832,66.56,42.0,7.23,39.0,23.0,9.0
19/10/2015,8.5,12480,1975,4.3,0.0525,6.65,39.0,370.0,780.0,790,60.0,60.0,7.18,38.2,26.0,12.0
20/10/2015,8.42,13200,1849,4.55,0.0505,6.63,38.0,349.0,678.0,811,56.14,36.0,7.25,39.0,26.0,13.0
21/10/2015,9.35,15360,1765,5.3,0.0625,6.67,39.0,379.0,672.0,723,59.04,60.0,7.45,38.0,25.0,12.0
22/10/2015,11.11,16320,1975,5.63,0.0535,6.64,39.0,471.0,750.0,721,63.49,66.0,7.33,39.0,23.0,12.0
23/10/2015,8.82,13680,1870,4.72,0.0481,6.55,39.0,464.0,708.0,765,59.09,36.0,7.32,39.0,23.0,14.0
24/10/2015,12.05,15120,2311,5.21,0.0459,6.43,39.0,505.0,960.0,840,63.65,48.0,7.09,39.0,21.0,11.0
25/10/2015,10.66,14400,2147,4.97,0.0511,6.64,38.0,281.0,828.0,756,64.79,84.0,7.15,38.0,17.0,12.0
26/10/2015,10.12,14400,2038,4.97,0.0497,6.63,37.0,333.0,900.0,874,57.11,30.0,7.19,37.0,16.0,6.0
27/10/2015,9.84,11760,2427,4.06,0.0523,6.64,36.0,828.0,816.0,777,67.99,24.0,7.15,36.7,17.0,5.0
28/10/2015,7.48,12000,1807,4.14,0.0327,6.37,36.0,459.0,930.0,714,60.49,102.0,7.04,37.0,18.0,3.0
29/10/2015,11.87,15120,2277,5.21,0.0537,6.47,36.0,417.0,798.0,887,61.05,90.0,6.99,36.0,14.0,1.0
30/10/2015,11.3,16080,2038,5.54,0.0427,6.52,35.0,358.0,948.0,786,61.43,78.0,7.07,35.0,13.0,3.0
31/10/2015,10.15,13920,2114,4.8,0.0427,6.65,34.0,457.0,762.0,689,67.41,108.0,7.28,34.0,15.0,7.0
01/11/2015,8.8,14640,1744,5.05,0.0495,6.57,29.0,152.0,672.0,689,60.49,54.0,7.36,29.0,14.0,2.0
07/11/2015,7.92,14400,1594,4.97,0.0511,6.67,28.0,78.0,612.0,805,49.5,54.0,7.25,27.0,12.0,10.0
09/11/2015,11.18,17760,1825,6.12,0.0637,6.64,32.0,194.0,720.0,826,54.74,60.0,6.96,32.0,13.0,-1.0
10/11/2015,13.56,16800,2341,5.79,0.055,6.54,33.0,189.0,894.0,894,61.81,54.0,6.97,33.8,12.0,3.0
11/11/2015,13.26,16080,2391,5.54,0.0571,6.41,33.0,226.0,900.0,965,59.64,54.0,7.22,34.0,12.0,4.0
12/11/2015,10.92,14160,2236,4.88,0.0513,6.63,36.0,244.0,714.0,856,61.72,60.0,7.04,36.0,12.0,6.0
13/11/2015,10.72,16080,1934,5.54,0.0621,6.59,34.0,198.0,672.0,805,58.38,42.0,7.0,35.0,11.0,7.0
14/11/2015,11.91,16080,2148,5.54,0.0566,6.51,35.0,268.0,708.0,835,61.13,66.0,6.92,35.0,13.0,6.0
15/11/2015,12.79,16080,2307,5.54,0.0532,6.61,36.0,230.0,912.0,864,62.55,48.0,7.21,37.0,15.0,10.0
16/11/2015,11.53,15120,2211,5.21,0.0563,6.68,37.0,382.0,816.0,915,58.62,54.0,7.49,37.0,12.0,5.0
17/11/2015,14.35,17280,2408,5.96,0.0632,6.47,35.0,273.0,852.0,797,66.9,30.0,7.07,35.0,12.0,3.0
18/11/2015,13.84,18720,2144,6.46,0.0678,6.64,35.0,422.0,828.0,832,61.19,48.0,7.24,35.5,10.0,0.0
19/11/2015,15.1,19200,2280,6.62,0.0689,6.66,35.0,267.0,888.0,920,59.65,48.0,7.3,35.0,12.0,3.0
20/11/2015,14.43,17760,2356,6.12,0.0637,6.65,32.0,254.0,888.0,920,60.95,30.0,7.18,35.8,11.0,5.0
21/11/2015,14.88,18960,2276,6.54,0.0732,6.64,35.0,312.0,906.0,880,61.34,48.0,7.23,35.0,10.0,5.0
22/11/2015,11.92,19200,1800,6.62,0.0755,6.67,31.0,201.0,720.0,800,55.56,54.0,7.45,33.0,8.0,5.0
23/11/2015,13.93,19200,2104,6.62,0.0742,6.65,31.0,336.0,840.0,988,53.04,108.0,7.19,33.0,5.0,0.0
24/11/2015,15.21,18720,2356,6.46,0.0775,6.62,31.0,461.0,960.0,920,60.95,78.0,7.36,32.0,2.0,-3.0
25/11/2015,14.58,19680,2148,6.79,0.0801,6.65,32.0,269.0,912.0,1080,49.72,78.0,7.35,32.0,0.0,-9.0
26/11/2015,13.63,19680,2008,6.79,0.0896,6.59,31.0,354.0,714.0,828,58.76,102.0,7.23,32.0,-2.0,-11.0
28/11/2015,12.08,18240,1920,6.29,0.0912,6.62,33.0,81.0,738.0,920,52.08,162.0,7.22,32.0,6.0,-4.0
29/11/2015,13.48,18480,2116,6.37,0.0905,6.64,33.0,245.0,816.0,840,60.3,150.0,6.99,33.0,6.0,-4.0
30/11/2015,10.08,14880,1964,5.13,0.0708,6.66,32.0,225.0,840.0,780,60.29,120.0,7.17,33.5,7.0,1.0
01/12/2015,15.25,19200,2304,6.62,0.0742,6.58,35.0,319.0,1008.0,931,59.59,120.0,7.23,35.0,10.0,2.0
03/12/2015,16.04,18240,2551,6.29,0.0774,6.64,34.0,183.0,1068.0,1039,59.27,138.0,7.31,34.0,4.0,-4.0
04/12/2015,15.72,18480,2467,6.37,0.079,6.59,34.0,469.0,954.0,1070,56.63,102.0,7.15,34.0,6.0,-3.0
05/12/2015,15.46,18720,2395,6.46,0.0788,6.67,35.0,300.0,1212.0,1090,54.49,192.0,7.16,34.0,6.0,-3.0
06/12/2015,14.01,18240,2228,6.29,0.083,6.62,35.0,389.0,936.0,935,58.03,108.0,7.3,34.5,8.0,-2.0
07/12/2015,12.71,17280,2133,5.96,0.0769,6.64,35.0,551.0,1026.0,926,56.59,102.0,7.12,34.5,8.0,1.0
08/12/2015,15.35,17760,2507,6.12,0.0955,6.68,35.0,989.0,960.0,816,67.45,120.0,7.19,35.0,10.0,2.0
09/12/2015,14.75,17280,2475,5.96,0.0894,6.67,35.0,716.0,936.0,935,62.22,96.0,7.35,32.5,11.0,5.0
11/12/2015,14.8,18720,2292,6.46,0.0768,6.65,33.0,363.0,1062.0,911,60.25,120.0,7.14,33.0,5.0,-3.0
12/12/2015,14.25,18960,2180,6.54,0.0876,6.67,33.0,595.0,858.0,796,63.49,84.0,7.23,33.5,6.0,-5.0
13/12/2015,12.15,18960,1858,6.54,0.083,6.6,33.0,532.0,834.0,836,55.01,126.0,7.2,32.8,7.0,-2.0
14/12/2015,14.38,19440,2145,6.7,0.0885,6.65,34.0,537.0,888.0,816,61.96,90.0,7.21,34.0,7.0,-4.0
15/12/2015,15.2,19440,2268,6.7,0.0905,6.67,34.0,490.0,912.0,935,58.77,144.0,7.15,32.3,5.0,-5.0
16/12/2015,14.59,19200,2203,6.62,0.0748,6.64,32.0,562.0,936.0,884,59.87,108.0,7.14,32.2,2.0,-7.0
17/12/2015,14.27,18720,2211,6.46,0.1001,6.98,32.0,743.0,870.0,916,58.57,132.0,7.02,32.0,3.0,-5.0
18/12/2015,14.76,17760,2410,6.12,0.09,6.97,33.0,527.0,894.0,916,61.99,114.0,7.13,32.5,7.0,-4.0
19/12/2015,18.23,18480,2861,6.37,0.0809,6.65,34.0,525.0,1020.0,1016,64.49,132.0,7.04,33.8,6.0,-3.0
20/12/2015,13.28,18480,2084,6.37,0.0918,6.67,33.0,556.0,900.0,920,55.85,132.0,7.24,34.0,6.0,-1.0
21/12/2015,14.85,18480,2331,6.37,0.0822,6.67,32.0,577.0,996.6,892,61.73,96.0,7.16,33.5,8.0,-1.0
22/12/2015,14.77,19200,2231,6.62,0.0927,6.66,33.0,437.0,948.0,916,58.94,78.0,7.22,33.8,8.0,3.0
23/12/2015,13.8,19200,2084,6.62,0.0847,6.69,34.0,351.0,1152.0,872,58.16,120.0,7.26,33.5,8.0,-1.0
24/12/2015,11.96,19920,1741,6.87,0.0886,6.65,33.0,373.0,1008.0,701,59.74,96.0,7.38,33.0,6.0,-7.0
25/12/2015,12.91,17760,2108,6.12,0.0643,6.66,34.0,377.0,1104.0,709,66.37,108.0,7.28,33.5,9.0,-2.0
26/12/2015,10.74,15600,1996,5.38,0.0753,6.66,34.0,474.0,852.0,797,60.07,60.0,7.2,33.8,7.0,-5.0
27/12/2015,14.02,17040,2386,5.88,0.07400000000000001,6.6,34.0,302.0,918.0,876,63.29,48.0,7.33,33.5,0.0,-5.0
28/12/2015,16.24,18000,2617,6.21,0.07200000000000001,6.67,34.0,238.0,972.0,898,65.69,96.0,7.13,34.0,4.0,-4.0
29/12/2015,15.54,18480,2438,6.37,0.0752,6.62,34.0,319.0,924.0,874,64.15,90.0,7.11,33.7,7.0,-2.0
30/12/2015,15.08,18240,2397,6.29,0.0742,6.62,33.0,269.0,900.0,849,64.58,96.0,7.01,34.0,6.0,-4.0
31/12/2015,13.18,16800,2275,5.79,0.0938,6.68,32.0,295.0,900.0,971,57.32,84.0,7.18,32.0,6.0,-4.0
01/01/2016,11.97,15120,2296,5.21,0.0636,6.66,33.0,495.0,1026.0,857,62.67,96.0,7.33,33.0,10.0,-3.0
02/01/2016,14.27,16560,2499,5.71,0.0697,6.68,34.0,244.0,1032.0,609,75.63,120.0,7.19,34.0,12.0,-1.0
03/01/2016,14.55,17280,2442,5.96,0.0709,6.65,35.0,291.0,1020.0,934,61.75,120.0,7.12,33.5,8.0,-2.0
04/01/2016,15.42,17280,2588,5.96,0.0739,6.68,35.0,157.0,972.0,878,66.07,96.0,7.26,35.0,4.0,-4.0
05/01/2016,15.67,17280,2629,5.96,0.0644,6.67,35.0,110.0,924.0,951,63.83,60.0,7.16,35.0,4.0,-4.0
06/01/2016,15.28,16800,2637,5.79,0.0684,6.65,35.0,238.0,948.0,813,69.17,48.0,7.05,34.8,5.0,-5.0
07/01/2016,13.42,16320,2385,5.63,0.0597,6.63,34.0,183.0,972.0,841,64.74,60.0,7.11,34.0,2.0,-6.0
08/01/2016,10.69,17040,1820,5.88,0.0776,6.65,33.0,592.0,888.0,800,56.04,60.0,7.08,33.0,3.0,-8.0
09/01/2016,13.49,16320,2397,5.63,0.081,6.63,33.0,573.0,996.0,926,61.37,48.0,7.25,33.0,6.0,-9.0
10/01/2016,13.18,16800,2275,5.79,0.0765,6.68,32.0,462.0,924.0,768,66.24,84.0,7.21,31.0,6.0,-4.0
11/01/2016,12.79,16320,2272,5.63,0.0934,6.68,33.0,1480.0,876.0,772,66.02,60.0,7.11,32.5,0.0,-9.0
12/01/2016,13.19,16800,2276,5.79,0.0753,6.66,33.0,788.0,1044.0,854,62.48,78.0,7.26,32.0,0.0,-11.0
13/01/2016,13.86,16080,2500,5.54,0.0754,6.61,33.0,1089.0,1068.0,870,65.2,114.0,7.2,33.0,3.0,-7.0
14/01/2016,13.04,17040,2219,5.88,0.0787,6.67,32.0,779.0,1008.0,890,59.89,72.0,7.14,32.5,6.0,-6.0
15/01/2016,14.71,17760,2402,6.12,0.0796,6.69,34.0,471.0,1140.0,898,62.61,102.0,7.22,33.2,6.0,-6.0
16/01/2016,14.53,18480,2280,6.37,0.0886,6.63,34.0,518.0,1002.0,801,64.87,54.0,7.26,34.0,8.0,-6.0
17/01/2016,16.03,18240,2549,6.29,0.0811,6.69,34.0,521.0,1092.0,772,69.71,78.0,7.21,35.0,0.0,-9.0
18/01/2016,14.86,18240,2362,6.29,0.0925,6.66,32.0,759.0,972.0,748,68.33,72.0,7.12,32.5,-3.0,-12.0
19/01/2016,13.48,18000,2171,6.21,0.0807,6.66,32.0,476.0,996.0,885,59.24,42.0,7.27,31.0,-2.0,-10.0
20/01/2016,15.62,18480,2451,6.37,0.0816,6.48,31.0,367.0,1002.0,825,66.34,54.0,7.25,32.0,-1.0,-10.0
21/01/2016,10.32,18000,1663,6.21,0.0869,6.47,32.0,565.0,912.0,732,55.98,102.0,7.24,31.0,1.0,-8.0
22/01/2016,11.39,17040,1939,5.88,0.0752,6.52,31.0,505.0,984.0,683,64.78,54.0,7.12,31.0,-3.0,-16.0
23/01/2016,12.72,16800,2195,5.79,0.0765,6.44,31.0,322.0,1008.0,854,61.09,84.0,7.24,31.0,-10.0,-19.0
29/01/2016,12.99,15600,2415,5.38,0.0721,6.42,30.0,969.0,960.0,726,69.94,54.0,7.13,30.0,1.0,-6.0
30/01/2016,13.34,15600,2480,5.38,0.0646,6.4,30.0,551.0,960.0,694,72.02,54.0,7.19,30.0,-1.0,-10.0
31/01/2016,12.33,15840,2258,5.46,0.0776,6.42,29.0,1040.0,666.0,806,64.3,30.0,6.97,29.0,-1.0,-10.0
01/02/2016,10.68,13200,2347,4.55,0.0646,6.41,30.0,686.0,948.0,762,67.53,72.0,6.91,29.0,3.0,-7.0
02/02/2016,10.34,14160,2117,4.88,0.0625,6.45,31.0,521.0,1056.0,702,66.84,54.0,7.12,31.0,5.0,-5.0
03/02/2016,12.79,14880,2492,5.13,0.0682,6.8,31.0,1230.0,1110.0,839,66.33,60.0,7.17,30.5,8.0,-8.0
04/02/2016,11.5,14880,2242,5.13,0.0667,6.64,31.0,1090.0,1068.0,714,68.15,42.0,7.1,31.0,6.0,-5.0
05/02/2016,14.34,15840,2625,5.46,0.0694,6.38,30.0,1003.0,1062.0,718,72.65,54.0,7.24,30.0,5.0,-6.0
06/02/2016,10.72,15120,2056,5.21,0.0647,6.41,31.0,1420.0,960.0,605,70.57,60.0,7.14,31.5,4.0,-7.0
07/02/2016,10.97,13920,2285,4.8,0.0562,6.5,31.0,371.0,996.0,754,67.0,30.0,7.23,30.5,8.0,-8.0
08/02/2016,10.71,13680,2270,4.72,0.0594,6.45,32.0,600.0,960.0,656,71.1,48.0,7.27,32.0,13.0,-3.0
09/02/2016,11.35,13440,2450,4.63,0.0426,6.47,33.0,494.0,1122.0,640,73.88,84.0,7.36,32.8,13.0,-4.0
10/02/2016,11.94,13680,2532,4.72,0.0557,6.36,33.0,461.0,1026.0,676,73.3,48.0,7.24,32.0,15.0,5.0
11/02/2016,13.4,14880,2612,5.13,0.0621,6.41,33.0,449.0,1014.0,672,74.27,54.0,7.29,33.0,13.0,5.0
13/02/2016,8.37,11520,2108,3.97,0.0493,6.69,27.0,257.0,972.0,695,67.03,42.0,7.46,30.5,2.0,-9.0
22/02/2016,7.24,13680,1535,4.72,0.0594,6.89,27.0,160.0,744.0,514,66.51,48.0,7.07,25.0,8.0,-5.0
23/02/2016,12.02,16320,2136,5.63,0.0445,6.41,30.0,142.0,846.0,648,69.66,66.0,7.03,28.8,4.0,-6.0
25/02/2016,10.88,16080,1963,5.54,0.0499,6.83,30.0,127.0,852.0,703,64.19,66.0,7.21,28.5,8.0,-5.0
26/02/2016,11.97,16080,2159,5.54,0.0449,6.58,31.0,197.0,834.0,620,71.28,54.0,7.15,30.5,11.0,-1.0
27/02/2016,15.11,18000,2435,6.21,0.0534,6.48,32.0,204.0,972.0,774,68.21,54.0,6.99,32.0,9.0,-2.0
28/02/2016,11.4,16080,2056,5.54,0.0538,6.62,31.0,227.0,840.0,704,65.76,66.0,7.06,30.5,5.0,-4.0
29/02/2016,10.84,14160,2220,4.88,0.0444,6.61,30.0,324.0,930.0,672,69.73,54.0,7.16,30.8,5.0,-5.0
01/03/2016,13.63,16800,2353,5.79,0.0568,6.72,31.0,388.0,936.0,672,71.44,66.0,7.19,31.0,12.0,-1.0
02/03/2016,13.61,16560,2384,5.71,0.0548,6.42,34.0,408.0,984.0,743,68.83,54.0,7.15,34.0,19.0,6.0
03/03/2016,14.97,15840,2740,5.46,0.0508,6.74,34.0,317.0,1080.0,747,72.74,78.0,7.11,34.0,24.0,8.0
04/03/2016,14.49,16560,2537,5.71,0.0571,6.65,35.0,268.0,1080.0,743,70.71,60.0,7.03,34.5,23.0,7.0
06/03/2016,10.29,12720,2345,4.39,0.0355,7.01,33.0,424.0,1200.0,684,70.83,66.0,7.09,32.0,15.0,2.0
07/03/2016,12.61,15600,2345,5.38,0.0656,6.84,32.0,825.0,1248.0,625,73.35,84.0,7.28,32.0,15.0,4.0
08/03/2016,15.06,16800,2599,5.79,0.0626,6.3,32.0,281.0,1008.0,766,70.53,54.0,7.06,32.0,15.0,-1.0
09/03/2016,13.95,16800,2408,5.79,0.0498,6.51,33.0,357.0,1032.0,747,68.98,84.0,7.04,32.0,5.0,-5.0
10/03/2016,13.37,16560,2341,5.71,0.0582,6.76,30.0,222.0,984.0,794,66.08,66.0,7.12,32.0,5.0,-5.0
11/03/2016,12.43,16320,2209,5.63,0.054000000000000006,6.62,31.0,341.0,948.0,665,69.9,78.0,7.29,29.5,7.0,-7.0
12/03/2016,15.66,16320,2783,5.63,0.0608,6.58,32.0,223.0,984.0,751,73.01,66.0,6.99,32.0,10.0,-2.0
13/03/2016,15.84,16320,2814,5.63,0.0597,6.53,33.0,234.0,1056.0,887,68.48,54.0,6.97,33.5,12.0,2.0
14/03/2016,13.11,16320,2330,5.63,0.0574,6.62,34.0,228.0,960.0,751,67.77,60.0,7.18,33.0,12.0,-3.0
15/03/2016,13.0,16080,2345,5.54,0.0477,6.5,34.0,196.0,1026.0,739,68.49,48.0,7.13,33.0,14.0,1.0
17/03/2016,13.24,15360,2500,5.3,0.0546,6.74,35.0,336.0,1014.0,700,72.0,66.0,7.07,34.0,20.0,8.0
18/03/2016,15.71,16800,2712,5.79,0.0527,6.48,36.0,238.0,1086.0,676,75.07,54.0,7.09,34.5,22.0,6.0
21/03/2016,12.61,16320,2240,5.63,0.0506,6.62,34.0,285.0,966.0,700,68.75,54.0,7.27,32.0,19.0,1.0
22/03/2016,13.66,18000,2200,6.21,0.0621,6.58,34.0,275.0,1068.0,764,65.27,60.0,7.17,34.0,18.0,4.0
23/03/2016,15.06,18480,2364,6.37,0.0637,6.72,34.0,243.0,1044.0,756,68.02,72.0,7.24,34.0,11.0,-2.0
17/04/2016,15.15,18960,2318,6.54,0.0445,6.58,35.0,476.0,828.0,676,70.84,6.0,7.13,35.0,,
18/04/2016,15.35,18720,2378,6.46,0.0504,6.55,36.0,452.0,864.0,676,71.57,6.0,7.14,35.5,,
19/04/2016,15.22,19200,2299,6.62,0.0589,6.59,35.0,737.0,768.0,657,71.42,6.0,7.1,35.0,,
20/04/2016,14.83,18480,2327,6.37,0.0548,6.61,36.0,437.0,876.0,717,69.19,12.0,7.21,35.0,,
21/04/2016,15.38,18720,2382,6.46,0.0729,6.71,37.0,632.0,870.0,797,66.54,18.0,7.23,36.5,,
22/04/2016,14.64,17760,2390,6.12,0.0539,6.67,37.0,477.0,948.0,717,70.0,6.0,7.23,37.0,,
25/04/2016,17.33,19200,2617,6.62,0.0477,6.53,38.4,476.0,1098.0,729,72.14,12.0,7.26,38.5,,
26/04/2016,15.46,18000,2490,6.21,0.077,6.67,37.5,9003.0,864.0,737,70.4,18.0,7.3,37.0,,
27/04/2016,13.8,16800,2382,5.79,0.0469,6.51,37.3,2158.0,1014.0,633,73.43,6.0,7.19,36.9,,
28/04/2016,13.89,18720,2151,6.46,0.0568,6.45,36.5,660.0,876.0,685,68.15,54.0,7.12,36.0,,
29/04/2016,14.62,18480,2295,6.37,0.0574,6.65,37.0,536.0,900.0,780,66.01,60.0,7.03,36.9,,
02/05/2016,19.66,21360,2669,7.37,0.0464,6.39,39.0,359.0,1158.0,777,70.89,60.0,7.33,39.7,,
03/05/2016,16.67,18960,2550,6.54,0.0523,6.79,36.9,379.0,1098.0,797,68.75,84.0,7.25,35.2,,
04/05/2016,16.43,20160,2364,6.95,0.0612,6.69,38.0,264.0,984.0,751,68.23,72.0,7.18,37.0,,
05/05/2016,15.41,19200,2328,6.62,0.0689,6.79,39.0,383.0,936.0,747,67.91,84.0,7.12,38.0,,
06/05/2016,13.35,19200,2016,6.62,0.0702,6.62,38.0,128.0,876.0,704,65.08,84.0,7.42,38.0,,
08/05/2016,12.94,20640,1818,7.12,0.0676,6.67,37.0,165.0,750.0,648,64.36,66.0,7.47,37.0,,
09/05/2016,13.18,18960,2016,6.54,0.0752,6.67,36.0,389.0,720.0,676,66.47,84.0,7.34,37.0,,
10/05/2016,12.85,19440,1917,6.7,0.065,6.51,37.0,247.0,696.0,648,66.2,90.0,7.23,36.0,,
11/05/2016,12.88,17280,2162,5.96,0.0483,6.52,38.0,354.0,834.0,652,69.84,78.0,7.29,37.0,,
12/05/2016,14.58,19920,2123,6.87,0.0646,6.75,38.0,247.0,924.0,739,65.19,90.0,7.26,38.0,,
14/05/2016,16.66,20160,2396,6.95,0.0598,6.61,37.0,254.0,1086.0,771,67.82,108.0,7.2,37.0,,
17/05/2016,15.42,20160,2218,6.95,0.0806,6.61,37.0,329.0,960.0,739,66.68,78.0,7.21,37.0,,
18/05/2016,17.52,21600,2352,7.45,0.0812,6.67,38.0,249.0,978.0,791,66.37,54.0,7.12,37.5,,
19/05/2016,15.12,18480,2372,6.37,0.0624,6.82,38.0,309.0,972.0,708,70.15,84.0,7.14,37.8,,
20/05/2016,14.05,19680,2071,6.79,0.0855,6.89,38.0,433.0,852.0,632,69.48,66.0,7.26,38.0,,
22/05/2016,15.05,18720,2332,6.46,0.0729,6.92,37.5,715.0,954.0,625,73.2,90.0,7.25,38.0,,
23/05/2016,16.0,19200,2416,6.62,0.0742,6.73,38.0,891.0,1068.0,777,67.84,84.0,7.32,38.5,,
24/05/2016,15.75,19200,2379,6.62,0.0715,6.68,39.0,865.0,1026.0,742,68.81,66.0,7.19,38.5,,
25/05/2016,17.67,20400,2512,7.03,0.0739,6.71,38.0,2388.0,1104.0,735,70.74,54.0,7.06,37.8,,
26/05/2016,14.81,18960,2265,6.54,0.0608,6.83,38.0,989.0,1044.0,657,70.99,54.0,7.26,38.8,,
27/05/2016,15.59,18000,2512,6.21,0.0534,6.68,38.0,2214.0,1146.0,730,70.94,72.0,7.34,38.5,,
28/05/2016,16.74,18720,2594,6.46,0.0646,6.73,38.0,1544.0,1176.0,710,72.63,84.0,7.27,39.0,,
29/05/2016,16.01,18480,2512,6.37,0.0675,6.75,38.0,1020.0,1044.0,785,68.75,96.0,7.19,38.0,,
30/05/2016,13.98,17520,2314,6.04,0.0592,6.81,38.0,766.0,1032.0,717,69.01,54.0,7.19,36.9,,
31/05/2016,15.45,18240,2457,6.29,0.0629,6.72,38.7,954.0,1020.0,694,71.75,120.0,7.09,39.0,,
02/06/2016,15.63,18000,2518,6.21,0.0714,6.85,37.6,1242.0,1002.0,726,71.17,66.0,7.11,37.2,,
03/06/2016,14.66,18720,2271,6.46,0.0581,6.61,37.0,648.0,1002.0,733,67.72,66.0,7.16,37.2,,
04/06/2016,14.69,17520,2432,6.04,0.0574,6.75,37.0,1433.0,1014.0,824,66.12,72.0,7.14,37.0,,
05/06/2016,16.68,18000,2687,6.21,0.067,7.02,37.0,757.0,1008.0,804,70.08,102.0,7.21,37.0,,
06/06/2016,14.07,16800,2428,5.79,0.0533,6.69,37.6,970.0,846.0,737,69.65,90.0,7.13,37.0,,
07/06/2016,13.86,17280,2326,5.96,0.0441,6.63,37.0,667.0,900.0,718,69.13,42.0,7.07,37.1,,
08/06/2016,13.74,17520,2275,6.04,0.0459,6.54,37.0,387.0,876.0,796,65.01,66.0,7.11,37.0,,
09/06/2016,7.77,13200,1706,4.55,0.031,6.66,36.0,312.0,840.0,604,64.6,54.0,7.38,36.5,,
10/06/2016,12.11,17520,2004,6.04,0.0441,6.82,36.7,343.0,786.0,582,70.96,102.0,7.19,36.1,,
11/06/2016,13.44,16800,2320,5.79,0.0481,6.92,36.6,355.0,768.0,582,74.91,54.0,7.23,36.5,,
12/06/2016,13.5,17280,2265,5.96,0.0465,6.75,37.6,355.0,864.0,634,72.01,54.0,7.01,36.5,,
13/06/2016,13.37,16320,2375,5.63,0.0518,6.83,37.7,355.0,1044.0,637,73.18,60.0,7.15,37.5,,
14/06/2016,18.26,20160,2626,6.95,0.0438,6.73,38.0,355.0,1098.0,661,74.83,48.0,7.14,37.5,,
16/06/2016,13.39,16800,2311,5.79,0.0452,6.77,38.0,355.0,948.0,588,74.56,66.0,7.15,37.5,,
17/06/2016,14.69,17520,2432,6.04,0.0477,6.82,37.0,376.0,1044.0,642,73.6,54.0,7.08,37.5,,
19/06/2016,12.82,16320,2278,5.63,0.0422,6.47,38.0,795.0,960.0,540,76.29,66.0,6.98,37.8,,
21/06/2016,13.07,18000,2105,6.21,0.0484,6.81,38.8,366.0,960.0,616,70.74,113.4,7.17,38.0,,
22/06/2016,11.4,17280,1914,5.96,0.0483,6.8,38.0,279.0,834.0,612,68.03,78.0,7.21,37.9,,
23/06/2016,14.08,17520,2331,6.04,0.035,6.63,37.0,371.0,942.0,834,64.22,72.0,7.15,38.0,,
24/06/2016,14.34,17520,2374,6.04,0.0556,6.88,38.0,300.0,840.0,809,65.92,90.0,7.15,38.9,,
25/06/2016,13.32,17280,2236,5.96,0.0417,6.58,37.6,336.0,924.0,784,64.94,66.0,7.19,38.1,,
28/06/2016,14.74,18240,2344,6.29,0.0692,6.88,38.0,481.0,912.0,762,67.49,60.0,7.22,38.0,,
29/06/2016,12.9,16800,2226,5.79,0.0475,6.74,39.0,342.0,1020.0,664,70.17,72.0,7.13,38.5,,
01/07/2016,13.56,17280,2275,5.96,0.0447,6.75,38.8,206.0,978.0,702,69.14,54.0,7.19,38.5,,
02/07/2016,15.18,18720,2351,6.46,0.0458,6.49,37.8,291.0,906.0,698,70.31,36.0,7.0,36.9,,
04/07/2016,13.66,17040,2325,5.88,0.047,6.61,38.5,280.0,828.0,725,68.82,39.6,7.02,38.9,,
05/07/2016,14.98,18720,2320,6.46,0.0529,6.53,38.0,280.0,744.0,757,67.37,66.0,7.18,37.9,,
07/07/2016,10.75,16800,1856,5.79,0.0406,6.78,37.0,363.0,840.0,644,65.3,42.0,7.13,38.0,,
08/07/2016,10.93,16800,1886,5.79,0.0371,6.72,37.0,231.0,828.0,705,62.62,42.0,7.08,37.8,,
09/07/2016,10.99,14400,2213,4.97,0.0397,6.62,36.9,220.0,780.0,669,69.77,66.0,7.03,37.8,,
10/07/2016,10.97,16320,1949,5.63,0.0568,6.66,37.8,393.0,660.0,709,63.62,42.0,7.14,37.8,,
11/07/2016,15.25,18720,2362,6.46,0.0549,6.77,38.5,382.0,870.0,937,60.33,42.0,7.11,38.2,,
12/07/2016,13.12,16800,2265,5.79,0.0556,6.78,38.5,392.0,792.0,732,67.68,42.0,7.16,38.0,,
16/07/2016,14.26,16800,2461,5.79,0.044000000000000004,6.65,39.0,398.0,870.0,812,67.01,42.0,6.91,38.5,,
17/07/2016,13.78,17280,2312,5.96,0.0596,6.71,39.0,356.0,870.0,711,69.25,72.0,6.96,39.0,,
20/07/2016,14.03,16800,2422,5.79,0.0521,6.73,39.0,554.0,966.0,891,63.21,84.0,6.94,38.5,,
22/07/2016,15.31,17760,2500,6.12,0.0747,6.92,40.0,312.0,996.0,641,74.36,90.0,6.92,39.0,,
23/07/2016,14.48,16800,2500,5.79,0.0527,6.74,40.0,292.0,990.0,652,73.92,102.0,6.9,40.0,,
24/07/2016,13.92,16800,2402,5.79,0.0591,6.76,41.0,348.0,798.0,644,73.19,78.0,6.83,40.0,,
25/07/2016,16.82,17760,2746,6.12,0.0625,6.68,41.5,357.0,828.0,652,76.26,72.0,6.89,41.0,,
26/07/2016,15.87,17280,2664,5.96,0.0548,6.35,41.0,320.0,846.0,754,71.7,96.0,6.88,41.0,,
27/07/2016,12.55,14400,2527,4.97,0.0502,6.59,40.0,226.0,930.0,703,72.18,102.0,6.9,39.0,,
30/07/2016,14.28,16800,2465,5.79,0.0672,6.8,42.0,398.0,852.0,762,69.09,78.0,6.89,42.0,,
02/08/2016,11.72,16800,2023,5.79,0.0591,6.67,40.0,503.0,756.0,656,67.57,90.0,6.85,39.0,,
05/08/2016,13.21,15840,2418,5.46,0.0459,6.9,41.0,742.0,894.0,820,66.09,102.0,6.89,41.0,,
06/08/2016,12.24,16080,2207,5.54,0.0455,6.85,41.0,567.0,828.0,788,64.3,96.0,6.87,40.0,,
07/08/2016,15.06,17280,2527,5.96,0.0381,6.72,40.0,368.0,1074.0,820,67.55,90.0,6.92,39.5,,
08/08/2016,13.71,16800,2367,5.79,0.0348,6.3,40.0,349.0,1020.0,768,67.55,102.0,7.05,39.5,,
11/08/2016,16.38,18000,2639,6.21,0.0497,6.4,39.5,499.0,1044.0,788,70.14,90.0,7.03,39.5,,
14/08/2016,11.7,17040,1991,5.88,0.0576,6.69,40.2,433.0,864.0,516,74.08,78.0,7.03,39.5,,
15/08/2016,14.47,18240,2300,6.29,0.0478,6.48,39.0,477.0,792.0,736,68.0,42.0,7.03,39.0,,
16/08/2016,14.71,16800,2539,5.79,0.0481,6.58,39.0,431.0,906.0,780,69.28,78.0,6.97,39.3,,
19/08/2016,16.53,18000,2663,6.21,0.0503,6.85,40.0,514.0,1002.0,932,65.0,78.0,7.03,39.0,,
21/08/2016,14.99,18000,2415,6.21,0.0447,6.6,39.0,346.0,888.0,856,64.55,30.0,7.05,39.0,,
22/08/2016,15.06,18480,2363,6.37,0.0574,6.64,39.0,443.0,822.0,884,62.59,42.0,7.06,39.0,,
23/08/2016,14.89,17520,2464,6.04,0.0507,6.62,38.5,359.0,870.0,815,66.92,60.0,7.07,38.5,,
24/08/2016,14.55,17280,2442,5.96,0.0596,6.75,39.8,744.0,864.0,850,65.19,36.0,7.03,39.8,,
25/08/2016,13.41,17760,2189,6.12,0.0337,6.13,39.2,215.0,840.0,773,64.69,78.0,6.92,39.2,,
26/08/2016,14.7,17040,2502,5.88,0.0482,6.59,39.5,239.0,882.0,833,66.71,78.0,7.03,39.0,,
27/08/2016,13.18,16800,2275,5.79,0.0197,6.64,39.0,227.0,834.0,764,66.42,54.0,7.06,39.0,,
28/08/2016,13.64,17040,2322,5.88,0.0482,6.7,39.0,146.0,828.0,747,67.83,78.0,6.95,39.5,,
30/08/2016,13.4,17280,2249,5.96,0.0697,7.14,40.0,337.0,774.0,785,65.1,24.0,6.96,39.5,,
31/08/2016,12.59,15840,2305,5.46,0.0666,7.11,40.0,316.0,786.0,609,73.58,12.0,6.99,40.0,,
01/09/2016,13.95,17520,2309,6.04,0.0659,7.17,40.0,244.0,828.0,850,63.19,48.0,7.03,39.5,,
03/09/2016,16.8,17520,2781,6.04,0.0435,6.5,40.5,197.0,1062.0,901,67.6,54.0,7.06,40.0,,
04/09/2016,14.47,16800,2498,5.79,0.0394,6.46,41.0,309.0,1002.0,876,64.93,66.0,7.11,40.8,,
05/09/2016,14.07,16800,2429,5.79,0.051,6.47,40.2,258.0,828.0,837,65.54,54.0,7.05,40.0,,
06/09/2016,14.09,17280,2365,5.96,0.0358,6.31,39.5,260.0,828.0,820,65.33,60.0,7.1,40.5,,
07/09/2016,14.95,18000,2408,6.21,0.0422,6.44,39.5,252.0,864.0,807,66.49,72.0,7.1,40.0,,
08/09/2016,13.28,16560,2326,5.71,0.0548,6.94,39.0,308.0,840.0,767,67.02,54.0,7.25,39.8,,
10/09/2016,10.14,13680,2149,4.72,0.0542,7.49,38.0,192.0,840.0,712,66.87,66.0,7.51,37.5,,
11/09/2016,12.81,17520,2120,6.04,0.0477,6.66,39.0,411.0,900.0,767,63.82,12.0,7.07,38.5,,
12/09/2016,14.0,19200,2115,6.62,0.0516,6.63,39.0,304.0,882.0,729,65.53,60.0,7.1,38.0,,
13/09/2016,14.31,17040,2436,5.88,0.0482,6.84,40.5,325.0,924.0,775,68.19,72.0,7.07,40.5,,
14/09/2016,12.94,16800,2233,5.79,0.0614,6.99,40.0,328.0,816.0,759,66.01,66.0,7.08,39.5,,
15/09/2016,12.85,16560,2250,5.71,0.0485,6.93,40.0,350.0,1038.0,754,66.49,120.0,7.19,40.5,,
18/09/2016,15.92,16800,2748,5.79,0.0713,7.1,40.0,282.0,900.0,742,73.0,30.0,6.96,39.5,,
19/09/2016,13.06,15600,2427,5.38,0.0597,6.94,39.5,160.0,870.0,881,63.7,42.0,6.94,39.5,,
20/09/2016,13.35,16800,2305,5.79,0.0672,7.13,38.1,366.0,828.0,737,68.03,42.0,7.02,38.0,,
21/09/2016,12.01,15600,2233,5.38,0.035,6.62,38.0,230.0,924.0,843,62.25,90.0,7.26,37.0,,
22/09/2016,13.4,16800,2313,5.79,0.0585,6.77,38.0,166.0,954.0,801,65.37,54.0,7.32,37.5,,
23/09/2016,13.14,16800,2268,5.79,0.0678,6.81,37.5,345.0,936.0,768,66.14,66.0,7.29,37.2,,
24/09/2016,14.06,18480,2207,6.37,0.0675,6.73,40.0,249.0,972.0,687,68.87,48.0,7.29,39.5,,
25/09/2016,15.87,18000,2557,6.21,0.0608,6.68,39.5,324.0,990.0,931,63.59,42.0,7.21,39.0,,
26/09/2016,13.62,17280,2285,5.96,0.0632,6.83,40.0,239.0,960.0,752,67.09,30.0,7.23,40.0,,
27/09/2016,12.55,17520,2077,6.04,0.0598,6.57,39.5,309.0,948.0,724,65.14,54.0,7.22,38.5,,
28/09/2016,11.52,16800,1988,5.79,0.055,6.77,39.0,273.0,822.0,711,64.24,42.0,7.25,39.0,,
29/09/2016,7.49,10800,2012,3.72,0.0335,6.76,37.5,365.0,816.0,760,62.23,54.0,7.24,38.0,,
30/09/2016,10.44,15840,1911,5.46,0.0459,6.6,36.5,214.0,834.0,707,63.0,60.0,7.22,36.0,,
01/10/2016,10.61,15360,2004,5.3,0.0498,6.68,36.5,319.0,798.0,710,64.57,96.0,7.13,36.0,,
02/10/2016,12.77,16560,2236,5.71,0.0514,6.89,38.0,521.0,960.0,728,67.44,36.0,7.1,39.0,,
03/10/2016,13.89,16800,2398,5.79,0.0452,6.53,38.5,291.0,978.0,882,63.22,60.0,7.06,38.5,,
04/10/2016,12.65,16800,2183,5.79,0.0458,6.66,39.0,256.0,834.0,724,66.83,66.0,7.09,39.0,,
05/10/2016,12.54,16320,2229,5.63,0.0597,6.78,40.0,307.0,816.0,677,69.63,78.0,7.07,40.5,,
06/10/2016,11.79,14880,2297,5.13,0.0441,6.71,38.8,296.0,816.0,729,68.26,54.0,7.12,39.0,,
07/10/2016,12.31,15360,2325,5.3,0.0593,6.23,38.3,319.0,822.0,764,67.14,60.0,7.17,38.8,,
08/10/2016,11.36,15120,2178,5.21,0.0542,6.98,38.0,233.0,768.0,756,65.29,66.0,7.19,38.0,,
09/10/2016,11.21,14400,2257,4.97,0.0502,6.48,37.5,430.0,726.0,796,64.73,78.0,7.0,37.5,,
10/10/2016,11.54,15600,2146,5.38,0.0602,6.75,37.0,232.0,828.0,740,65.52,66.0,7.08,37.0,,
11/10/2016,12.93,16320,2297,5.63,0.0743,6.92,38.5,375.0,846.0,780,66.04,78.0,7.04,38.5,,
12/10/2016,14.58,16800,2516,5.79,0.0626,6.76,38.0,501.0,948.0,717,71.5,90.0,7.01,38.5,,
13/10/2016,14.72,16320,2616,5.63,0.063,6.93,39.5,395.0,978.0,788,69.88,42.0,6.96,39.5,,
14/10/2016,14.28,17280,2397,5.96,0.0745,6.91,38.2,388.0,918.0,764,68.13,72.0,7.02,39.5,,
15/10/2016,12.05,13200,2647,4.55,0.0719,6.67,38.8,381.0,972.0,776,70.68,54.0,7.09,39.0,,
