1#IC反应器运行数据,,,,,,,,,,,,,,,,,,,,,,,,,,,,,,,,,,,,,,,,,
时间,系统输入（进水指标）,,,,,,,,,系统输出（出水指标）,,,,影响因素,,,,,,,,,,,,,,,,,,,,,,,,,,,
,进水主参数,,,,,影响因素（进水的其他指标）,,,,主参数,,,,反应器内,,当地气温,,,,,,,,,,,,,,,,,,,,,,,,,
,OLR,进水量（F）,进水COD,HLR,ALR,pH,温度,TSS,VFA,VMP,出水COD,COD去除率 %,VFA,pH,罐内温度,最高,最低,,,,,,,,,,,,,,,,,,,,,,,,
16/11/2014,11.03 ,10320,1795,6.14 ,0.0909 ,7.06,29,332,912,,704,60.78 ,114,7.32,29,14,1,,,,,,,,,,,,,,,,,,,,,,,,
17/11/2014,9.05 ,10320,1474,6.14 ,0.0885 ,7.09,29,112,786,,552,62.55 ,120,7.36,29,12,-2,,,,,,,,,,,,,,,,,,,,,,,,
18/11/2014,7.33 ,10320,1194,6.14 ,0.0854 ,6.99,26,398,564,,535,55.19 ,138,7.45,26,15,-1,,,,,,,,,,,,,,,,,,,,,,,,
19/11/2014,11.55 ,10320,1881,6.14 ,0.0479 ,6.78,30,306,1014,,609,67.62 ,132,7.39,29,12,2,,,,,,,,,,,,,,,,,,,,,,,,
20/11/2014,12.65 ,10560,2012,6.29 ,0.0415 ,6.4,30.4,306,906,,757,62.38 ,108,7.11,30,18,4,,,,,,,,,,,,,,,,,,,,,,,,
21/11/2014,13.72 ,10560,2183,6.29 ,0.0327 ,6.39,30.8,266,990,,754,65.46 ,90,6.98,31,17,5,,,,,,,,,,,,,,,,,,,,,,,,
22/11/2014,14.14 ,10560,2250,6.29 ,0.0459 ,6.35,31.1,433,1044,,895,60.22 ,133.8,7.03,31,15,4,,,,,,,,,,,,,,,,,,,,,,,,
23/11/2014,14.29 ,10560,2274,6.29 ,0.0534 ,6.45,30.9,337,1020,,881,61.26 ,135.6,7.04,31,10,6,,,,,,,,,,,,,,,,,,,,,,,,
24/11/2014,13.95 ,10560,2220,6.29 ,0.0566 ,6.54,30.4,395,1074,,795,64.19 ,108,7.08,30,12,4,,,,,,,,,,,,,,,,,,,,,,,,
25/11/2014,13.57 ,10560,2159,6.29 ,0.0610 ,6.56,29.9,535,1032,,855,60.40 ,99.6,7.21,30,11,1,,,,,,,,,,,,,,,,,,,,,,,,
26/11/2014,15.34 ,10560,2441,6.29 ,0.0553 ,6.51,31.2,590,1092,,851,65.14 ,139.8,7.13,30,15,2,,,,,,,,,,,,,,,,,,,,,,,,
27/11/2014,14.47 ,10560,2302,6.29 ,0.0522 ,6.49,30.7,696,1122,,792,65.60 ,106.2,7.09,31,12,6,,,,,,,,,,,,,,,,,,,,,,,,
28/11/2014,12.72 ,10560,2024,6.29 ,0.0591 ,6.47,29.2,442,978,,724,64.23 ,133.8,6.97,29,9,-1,,,,,,,,,,,,,,,,,,,,,,,,
29/11/2014,12.06 ,9120,2221,5.43 ,0.0494 ,6.43,30.1,583,1056,,863,61.14 ,166.2,7.04,30,10,4,,,,,,,,,,,,,,,,,,,,,,,,
30/11/2014,11.91 ,10560,1895,6.29 ,0.0654 ,6.59,29.2,343,864,,772,59.26 ,139.8,7.05,29,8,-7,,,,,,,,,,,,,,,,,,,,,,,,
01/12/2014,13.12 ,10560,2087,6.29 ,0.0610 ,6.49,27.5,308,948,,841,59.70 ,205.8,7.02,27,0,-8,,,,,,,,,,,,,,,,,,,,,,,,
02/12/2014,13.50 ,10560,2147,6.29 ,0.0616 ,6.48,28.5,276,960,,826,61.53 ,198,6.92,28,2,-7,,,,,,,,,,,,,,,,,,,,,,,,
03/12/2014,14.16 ,10560,2252,6.29 ,0.0691 ,6.76,30,324,1002,,806,64.21 ,186,7.04,30,,-8,,,,,,,,,,,,,,,,,,,,,,,,
04/12/2014,11.23 ,10560,1786,6.29 ,0.0710 ,6.58,28,162,882,,745,58.29 ,171.6,7.06,27,2,-8,,,,,,,,,,,,,,,,,,,,,,,,
05/12/2014,11.84 ,10560,1883,6.29 ,0.0591 ,6.51,29,293,1014,,737,60.86 ,150,7.08,28,3,-8,,,,,,,,,,,,,,,,,,,,,,,,
06/12/2014,12.07 ,10560,1921,6.29 ,0.0559 ,6.4,29,333,984,,675,64.86 ,150,7.02,29,6,-4,,,,,,,,,,,,,,,,,,,,,,,,
07/12/2014,11.64 ,10560,1852,6.29 ,0.0585 ,6.53,31,304,924,,811,56.21 ,144,7.09,30,6,-4,,,,,,,,,,,,,,,,,,,,,,,,
08/12/2014,11.68 ,10560,1858,6.29 ,0.0541 ,6.51,30,253,930,,706,62.00 ,126,7.06,30,5,-4,,,,,,,,,,,,,,,,,,,,,,,,
09/12/2014,11.68 ,10560,1858,6.29 ,0.0629 ,6.56,31,375,834,,657,64.64 ,72,7.14,30,5,0,,,,,,,,,,,,,,,,,,,,,,,,
10/12/2014,10.58 ,10320,1723,6.14 ,0.0688 ,6.53,29,420,660,,700,59.37 ,42,6.94,30,7,-4,,,,,,,,,,,,,,,,,,,,,,,,
11/12/2014,11.24 ,10560,1788,6.29 ,0.0660 ,6.39,29,303,744,,736,58.84 ,54,6.9,28,2,-7,,,,,,,,,,,,,,,,,,,,,,,,
12/12/2014,10.79 ,9840,1842,5.86 ,0.0715 ,6.61,29,301,726,,735,60.10 ,60,7.06,30,3,-8,,,,,,,,,,,,,,,,,,,,,,,,
13/12/2014,9.82 ,10560,1563,6.29 ,0.0773 ,6.69,29,279,636,,662,57.65 ,60,7.15,29,5,-6,,,,,,,,,,,,,,,,,,,,,,,,
14/12/2014,7.58 ,9600,1327,5.71 ,0.0749 ,6.75,28,346,522,,544,59.01 ,60,7.08,28,6,-2,,,,,,,,,,,,,,,,,,,,,,,,
15/12/2014,9.64 ,10560,1534,6.29 ,0.0685 ,6.59,29,245,654,,632,58.80 ,48,7.09,29,6,-7,,,,,,,,,,,,,,,,,,,,,,,,
16/12/2014,9.32 ,10320,1518,6.14 ,0.0713 ,6.62,28,153,540,,641,57.77 ,48,7.04,28,0,-7,,,,,,,,,,,,,,,,,,,,,,,,
17/12/2014,9.01 ,10560,1433,6.29 ,0.0823 ,6.8,26,283,456,,702,51.01 ,60,7.03,26,4,-6,,,,,,,,,,,,,,,,,,,,,,,,
18/12/2014,9.40 ,10320,1531,6.14 ,0.0786 ,6.73,27,242,504,,637,58.39 ,48,7.03,27,9,-2,,,,,,,,,,,,,,,,,,,,,,,,
19/12/2014,9.72 ,8400,1944,5.00 ,0.0555 ,6.46,29,215,654,,613,68.47 ,54,6.98,28,10,-6,,,,,,,,,,,,,,,,,,,,,,,,
20/12/2014,9.45 ,8400,1889,5.00 ,0.0525 ,6.53,28,212,702,,712,62.31 ,48,7,28,3,-6,,,,,,,,,,,,,,,,,,,,,,,,
21/12/2014,12.03 ,10560,1914,6.29 ,0.0559 ,6.55,28,277,774,,647,66.20 ,54,7.02,28,2,-6,,,,,,,,,,,,,,,,,,,,,,,,
22/12/2014,13.48 ,11280,2008,6.71 ,0.0584 ,6.52,30,211,858,,715,64.39 ,72,7.03,30,8,-4,,,,,,,,,,,,,,,,,,,,,,,,
23/12/2014,15.48 ,11520,2257,6.86 ,0.0555 ,6.47,32,235,1044,,865,61.67 ,60,7.15,31,8,-2,,,,,,,,,,,,,,,,,,,,,,,,
24/12/2014,15.86 ,11520,2313,6.86 ,0.0549 ,6.54,32,270,1110,,810,64.98 ,60,7.15,31,6,-8,,,,,,,,,,,,,,,,,,,,,,,,
25/12/2014,19.15 ,11760,2736,7.00 ,0.0574 ,6.52,31,248,1170,,925,66.19 ,60,7.2,31,6,-8,,,,,,,,,,,,,,,,,,,,,,,,
26/12/2014,17.56 ,11760,2508,7.00 ,0.0637 ,6.59,31,344,1092,,901,64.07 ,66,7.24,31,5,-4,,,,,,,,,,,,,,,,,,,,,,,,
27/12/2014,17.37 ,11760,2481,7.00 ,0.0630 ,6.64,30,200,1068,,939,62.15 ,60,7.26,30,8,-3,,,,,,,,,,,,,,,,,,,,,,,,
28/12/2014,16.64 ,11760,2377,7.00 ,0.0693 ,6.62,31,249,924,,837,64.79 ,66,7.27,31,10,-5,,,,,,,,,,,,,,,,,,,,,,,,
29/12/2014,13.89 ,11760,1984,7.00 ,0.0777 ,6.91,30,257,876,,692,65.12 ,48,7.33,30,11,-5,,,,,,,,,,,,,,,,,,,,,,,,
30/12/2014,13.52 ,11760,1932,7.00 ,0.0749 ,6.72,31,302,846,,724,62.53 ,42,7.31,31,11,-3,,,,,,,,,,,,,,,,,,,,,,,,
31/12/2014,14.04 ,11760,2006,7.00 ,0.0574 ,6.61,30,155,900,,759,62.16 ,42,7.31,30,2,-8,,,,,,,,,,,,,,,,,,,,,,,,
01/01/2015,15.69 ,12000,2197,7.14 ,0.0664 ,6.63,29,198,960,,928,57.76 ,66,7.3,30,2,-6,,,,,,,,,,,,,,,,,,,,,,,,
02/01/2015,14.53 ,11520,2119,6.86 ,0.0597 ,6.61,28,269,930,,750,64.61 ,72,7.27,29,4,-6,,,,,,,,,,,,,,,,,,,,,,,,
03/01/2015,13.46 ,11040,2049,6.57 ,0.0618 ,6.52,28,237,762,,709,65.40 ,72,7.2,28,10,-4,,,,,,,,,,,,,,,,,,,,,,,,
04/01/2015,15.99 ,12000,2239,7.14 ,0.0500 ,6.48,30,280,960,,797,64.40 ,36,7.21,30,11,-2,,,,,,,,,,,,,,,,,,,,,,,,
05/01/2015,15.54 ,12000,2175,7.14 ,0.0493 ,6.46,30,264,1020,,652,70.02 ,60,7.23,30,6,-3,,,,,,,,,,,,,,,,,,,,,,,,
06/01/2015,15.57 ,11760,2224,7.00 ,0.0441 ,6.47,30,259,1080,,768,65.47 ,48,7.31,31,2,-4,,,,,,,,,,,,,,,,,,,,,,,,
07/01/2015,15.26 ,12000,2136,7.14 ,0.0607 ,6.64,30,238,1008,,746,65.07 ,66,7.35,30,5,-6,,,,,,,,,,,,,,,,,,,,,,,,
08/01/2015,15.26 ,12000,2137,7.14 ,0.0579 ,6.64,30,250,1044,,809,62.14 ,60,7.35,30,10,-6,,,,,,,,,,,,,,,,,,,,,,,,
09/01/2015,17.24 ,12000,2413,7.14 ,0.0514 ,6.51,31,242,1128,,842,65.11 ,72,7.26,31,7,-7,,,,,,,,,,,,,,,,,,,,,,,,
10/01/2015,17.59 ,12000,2462,7.14 ,0.0586 ,6.51,32,283,1158,,826,66.45 ,66,7.31,32,12,-4,,,,,,,,,,,,,,,,,,,,,,,,
11/01/2015,17.39 ,11760,2484,7.00 ,0.0595 ,6.55,31,281,1140,,787,68.32 ,54,7.31,31,5,-7,,,,,,,,,,,,,,,,,,,,,,,,
12/01/2015,18.89 ,11760,2699,7.00 ,0.0560 ,6.55,31,193,1206,,873,67.65 ,60,7.28,32,5,-3,,,,,,,,,,,,,,,,,,,,,,,,
13/01/2015,18.06 ,10800,2809,6.43 ,0.0534 ,6.46,32,237,1260,,884,68.53 ,66,7.26,32,6,-4,,,,,,,,,,,,,,,,,,,,,,,,
14/01/2015,17.15 ,11520,2501,6.86 ,0.0665 ,6.72,32,238,1158,,842,66.33 ,54,7.38,32,8,-3,,,,,,,,,,,,,,,,,,,,,,,,
15/01/2015,17.17 ,10800,2671,6.43 ,0.0643 ,6.69,31,281,1248,,834,68.78 ,78,7.36,32,7,-1,,,,,,,,,,,,,,,,,,,,,,,,
16/01/2015,14.96 ,10800,2327,6.43 ,0.0752 ,6.98,31,173,1068,,801,65.58 ,66,7.5,31,4,-8,,,,,,,,,,,,,,,,,,,,,,,,
17/01/2015,15.13 ,10800,2353,6.43 ,0.0714 ,6.84,30,299,1098,,820,65.15 ,54,7.45,30,4,-2,,,,,,,,,,,,,,,,,,,,,,,,
18/01/2015,15.34 ,11040,2335,6.57 ,0.0670 ,6.81,31,120,1158,,766,67.19 ,54,7.48,31,9,-5,,,,,,,,,,,,,,,,,,,,,,,,
19/01/2015,17.48 ,11280,2603,6.71 ,0.0577 ,6.76,31,171,1278,,843,67.61 ,60,7.34,31,7,-3,,,,,,,,,,,,,,,,,,,,,,,,
20/01/2015,16.71 ,11520,2437,6.86 ,0.0610 ,6.69,31,249,1230,,777,68.12 ,54,7.34,31,10,-1,,,,,,,,,,,,,,,,,,,,,,,,
21/01/2015,16.74 ,11760,2392,7.00 ,0.0567 ,6.66,32,199,1176,,777,67.52 ,54,7.31,32,2,-6,,,,,,,,,,,,,,,,,,,,,,,,
22/01/2015,15.25 ,11040,2321,6.57 ,0.0497 ,6.63,32,253,1212,,724,68.81 ,66,7.3,32,5,-8,,,,,,,,,,,,,,,,,,,,,,,,
23/01/2015,17.40 ,11520,2538,6.86 ,0.0507 ,6.61,32,304,1272,,818,67.77 ,66,7.29,32,10,-4,,,,,,,,,,,,,,,,,,,,,,,,
24/01/2015,16.15 ,11040,2457,6.57 ,0.0519 ,6.65,32,255,1218,,769,68.70 ,66,7.3,32,8,1,,,,,,,,,,,,,,,,,,,,,,,,
25/01/2015,16.41 ,11280,2444,6.71 ,0.0537 ,6.67,31,147,1182,,874,64.24 ,72,7.31,31,4,-4,,,,,,,,,,,,,,,,,,,,,,,,
26/01/2015,17.69 ,11760,2527,7.00 ,0.0609 ,6.67,31,113,1170,,938,62.88 ,66,7.31,31,5,-7,,,,,,,,,,,,,,,,,,,,,,,,
27/01/2015,17.58 ,11760,2511,7.00 ,0.0588 ,6.64,31,101,1212,,834,66.79 ,78,7.35,31,0,-8,,,,,,,,,,,,,,,,,,,,,,,,
28/01/2015,17.92 ,11520,2613,6.86 ,0.0624 ,6.7,31,259,1224,,876,66.48 ,78,7.34,30,1,-7,,,,,,,,,,,,,,,,,,,,,,,,
29/01/2015,16.43 ,10800,2555,6.43 ,0.0579 ,6.72,29,143,1266,,816,68.06 ,84,7.37,30,3,-5,,,,,,,,,,,,,,,,,,,,,,,,
30/01/2015,16.30 ,11040,2481,6.57 ,0.0572 ,6.65,30,253,1242,,788,68.24 ,84,7.41,29,2,-8,,,,,,,,,,,,,,,,,,,,,,,,
31/01/2015,16.10 ,11040,2450,6.57 ,0.0545 ,6.61,30,188,1224,,802,67.27 ,90,7.39,30,2,-9,,,,,,,,,,,,,,,,,,,,,,,,
01/02/2015,16.63 ,11040,2531,6.57 ,0.0539 ,6.53,31,227,1248,,832,67.13 ,84,7.33,31,4,-8,,,,,,,,,,,,,,,,,,,,,,,,
02/02/2015,16.50 ,10800,2567,6.43 ,0.0514 ,6.55,30,243,1260,,796,68.99 ,90,7.34,31,6,-8,,,,,,,,,,,,,,,,,,,,,,,,
03/02/2015,15.44 ,11040,2349,6.57 ,0.0591 ,6.62,30,183,1122,,796,66.11 ,84,7.39,30,5,-4,,,,,,,,,,,,,,,,,,,,,,,,
04/02/2015,15.99 ,10800,2488,6.43 ,0.0591 ,6.65,30,262,1176,,785,68.45 ,72,7.41,30,4,-5,,,,,,,,,,,,,,,,,,,,,,,,
05/02/2015,17.20 ,10560,2736,6.29 ,0.0585 ,6.75,30,301,1326,,862,68.49 ,102,7.45,30,4,-9,,,,,,,,,,,,,,,,,,,,,,,,
06/02/2015,17.96 ,10560,2858,6.29 ,0.0591 ,6.72,31,152,1350,,953,66.66 ,84,7.45,31,8,-3,,,,,,,,,,,,,,,,,,,,,,,,
07/02/2015,16.03 ,10560,2551,6.29 ,0.0591 ,6.79,31,221,1254,,843,66.95 ,78,7.49,30,2,-9,,,,,,,,,,,,,,,,,,,,,,,,
08/02/2015,16.75 ,10800,2606,6.43 ,0.0611 ,6.78,30,245,1266,,913,64.97 ,96,7.49,30,1,-9,,,,,,,,,,,,,,,,,,,,,,,,
09/02/2015,15.72 ,10560,2501,6.29 ,0.0597 ,6.74,30,224,1242,,787,68.53 ,78,7.45,30,8,-4,,,,,,,,,,,,,,,,,,,,,,,,
10/02/2015,17.40 ,10800,2707,6.43 ,0.0598 ,6.68,32,192,1290,,926,65.79 ,84,7.45,32,13,-2,,,,,,,,,,,,,,,,,,,,,,,,
11/02/2015,17.10 ,10800,2660,6.43 ,0.0739 ,6.67,32,219,1230,,867,67.41 ,96,7.53,32,10,-6,,,,,,,,,,,,,,,,,,,,,,,,
12/02/2015,16.62 ,10800,2585,6.43 ,0.0643 ,6.73,31,200,1236,,952,63.17 ,90,7.49,31,5,-5,,,,,,,,,,,,,,,,,,,,,,,,
13/02/2015,16.11 ,10560,2563,6.29 ,0.0654 ,6.71,32,195,1254,,854,66.68 ,114,7.44,32,13,-1,,,,,,,,,,,,,,,,,,,,,,,,
14/02/2015,16.85 ,10800,2621,6.43 ,0.0694 ,6.69,33,143,1266,,823,68.60 ,90,7.51,33,17,-4,,,,,,,,,,,,,,,,,,,,,,,,
15/02/2015,21.16 ,12000,2963,7.14 ,0.0721 ,6.65,33,245,1422,,877,70.40 ,102,7.46,33,10,-3,,,,,,,,,,,,,,,,,,,,,,,,
16/02/2015,10.78 ,8400,2155,5.00 ,0.0450 ,6.75,31,241,1110,,760,64.73 ,90,7.5,31,10,-1,,,,,,,,,,,,,,,,,,,,,,,,
17/02/2015,6.14 ,7200,1433,4.29 ,0.0519 ,7.05,30,120,942,,695,51.50 ,102,7.53,29,10,-6,,,,,,,,,,,,,,,,,,,,,,,,
18/02/2015,6.55 ,7200,1528,4.29 ,0.0497 ,7.01,29,163,960,,674,55.89 ,96,7.53,29,8,-7,,,,,,,,,,,,,,,,,,,,,,,,
19/02/2015,9.16 ,7680,2004,4.57 ,0.0544 ,6.89,31,171,936,,806,59.78 ,108,7.48,30,7,-2,,,,,,,,,,,,,,,,,,,,,,,,
20/02/2015,8.28 ,7440,1870,4.43 ,0.0580 ,6.85,30,169,894,,787,57.91 ,120,7.47,30,7,2,,,,,,,,,,,,,,,,,,,,,,,,
21/02/2015,10.52 ,8400,2103,5.00 ,0.0560 ,6.74,31,191,1092,,799,62.01 ,99,7.45,31,12,-3,,,,,,,,,,,,,,,,,,,,,,,,
22/02/2015,8.30 ,7200,1937,4.29 ,0.0523 ,6.81,30,153,942,,817,57.82 ,96,7.47,30,6,-7,,,,,,,,,,,,,,,,,,,,,,,,
23/02/2015,7.94 ,7200,1852,4.29 ,0.0501 ,6.76,30,190,870,,709,61.72 ,66,7.42,30,8,-7,,,,,,,,,,,,,,,,,,,,,,,,
24/02/2015,8.20 ,7200,1914,4.29 ,0.0454 ,6.68,31,182,900,,782,59.14 ,48,7.41,31,12,2,,,,,,,,,,,,,,,,,,,,,,,,
25/02/2015,9.02 ,7920,1913,4.71 ,0.0528 ,6.7,31,193,858,,735,61.58 ,54,7.38,31,10,-3,,,,,,,,,,,,,,,,,,,,,,,,
26/02/2015,6.26 ,6000,1752,3.57 ,0.0414 ,6.75,30,274,852,,838,52.17 ,210,7.44,28,7,-4,,,,,,,,,,,,,,,,,,,,,,,,
16/06/2015,4.26 ,2400,2980,1.43 ,0.0130 ,6.14,37,326,1086,,996,66.58 ,6,7.1,37,34,19,,,,,,,,,,,,,,,,,,,,,,,,
17/06/2015,4.27 ,2400,2991,1.43 ,0.0120 ,6.83,36,300,1410,,976,67.37 ,96,7.25,36,33,21,,,,,,,,,,,,,,,,,,,,,,,,
18/06/2015,6.41 ,3600,2991,2.14 ,0.0180 ,6.76,36,218,1452,,927,69.01 ,96,7.28,36,31,16,,,,,,,,,,,,,,,,,,,,,,,,
19/06/2015,4.17 ,2400,2918,1.43 ,0.0116 ,6.46,37,318,1494,,851,70.84 ,96,7.35,36,29,17,,,,,,,,,,,,,,,,,,,,,,,,
20/06/2015,7.06 ,4800,2471,2.86 ,0.0271 ,6.51,36,426,1170,,734,70.30 ,102,7.35,36,29,17,,,,,,,,,,,,,,,,,,,,,,,,
21/06/2015,7.74 ,4800,2709,2.86 ,0.0320 ,6.43,37,296,1248,,701,74.12 ,90,7.23,37.1,32,18,,,,,,,,,,,,,,,,,,,,,,,,
22/06/2015,7.92 ,4560,2917,2.71 ,0.0282 ,6.37,37,648,1304.4,,774,73.47 ,96,7.24,37,33,20,,,,,,,,,,,,,,,,,,,,,,,,
23/06/2015,8.02 ,4560,2955,2.71 ,0.0255 ,6.35,38,420,1350,,832,71.84 ,78,7.2,37,31,21,,,,,,,,,,,,,,,,,,,,,,,,
24/06/2015,10.84 ,6000,3036,3.57 ,0.0332 ,6.33,39,442,1464,,858,71.74 ,108,7.24,39,28,19,,,,,,,,,,,,,,,,,,,,,,,,
25/06/2015,13.28 ,7200,3099,4.29 ,0.0429 ,6.85,38,126,1386,,832,73.15 ,108,7.28,39,24,19,,,,,,,,,,,,,,,,,,,,,,,,
26/06/2015,12.61 ,7200,2942,4.29 ,0.0437 ,6.46,38,418,1326,,904,69.27 ,78,7.18,38,30,19,,,,,,,,,,,,,,,,,,,,,,,,
27/06/2015,4.03 ,2400,2824,1.43 ,0.0120 ,6.35,39,326,1206,,934,66.93 ,96,7.17,39,31,21,,,,,,,,,,,,,,,,,,,,,,,,
28/06/2015,3.83 ,2400,2681,1.43 ,0.0136 ,6.98,38,234,1104,,796,70.31 ,96,7.15,38,28,21,,,,,,,,,,,,,,,,,,,,,,,,
29/06/2015,5.98 ,3840,2617,2.29 ,0.0201 ,6.89,36,302,1134,,668,74.47 ,84,7.1,38,28,19,,,,,,,,,,,,,,,,,,,,,,,,
30/06/2015,10.56 ,6000,2957,3.57 ,0.0289 ,6.22,39,370,1248,,911,69.19 ,90,7.26,38,27,17,,,,,,,,,,,,,,,,,,,,,,,,
01/07/2015,14.04 ,8400,2808,5.00 ,0.0450 ,6.35,38,336,1170,,766,72.72 ,36,7.26,38,33,18,,,,,,,,,,,,,,,,,,,,,,,,
02/07/2015,13.79 ,8400,2757,5.00 ,0.0440 ,6.27,39,624,1188,,830,69.89 ,90,7.15,39,33,18,,,,,,,,,,,,,,,,,,,,,,,,
03/07/2015,13.77 ,8400,2753,5.00 ,0.0440 ,6.28,38,406,1158,,808,70.65 ,54,7.17,38,32,16,,,,,,,,,,,,,,,,,,,,,,,,
04/07/2015,10.83 ,7920,2298,4.71 ,0.0476 ,6.47,38,366,1002,,634,72.41 ,60,7.27,37,31,18,,,,,,,,,,,,,,,,,,,,,,,,
05/07/2015,11.98 ,8400,2396,5.00 ,0.0560 ,6.51,38,296,948,,728,69.62 ,60,7.34,38,32,20,,,,,,,,,,,,,,,,,,,,,,,,
06/07/2015,12.30 ,8400,2459,5.00 ,0.0490 ,6.29,39,504,1050,,672,72.67 ,72,7.18,39,30,20,,,,,,,,,,,,,,,,,,,,,,,,
07/07/2015,10.87 ,8400,2174,5.00 ,0.0505 ,6.28,39,408,1080,,813,62.60 ,66,7.19,39,31,18,,,,,,,,,,,,,,,,,,,,,,,,
08/07/2015,9.45 ,6000,2645,3.57 ,0.0361 ,6.31,39,288,1038,,800,69.75 ,72,7.18,39,31,18,,,,,,,,,,,,,,,,,,,,,,,,
09/07/2015,14.16 ,8640,2754,5.14 ,0.0494 ,6.67,37,428,1092,,830,69.86 ,78,7.29,37.8,32,22,,,,,,,,,,,,,,,,,,,,,,,,
10/07/2015,13.44 ,7920,2851,4.71 ,0.0490 ,6.76,37,364,1056,,964,66.19 ,36,7.3,37,30,22,,,,,,,,,,,,,,,,,,,,,,,,
11/07/2015,13.70 ,8160,2821,4.86 ,0.0437 ,6.62,39,464,1110,,855,69.69 ,66,7.05,38,32,23,,,,,,,,,,,,,,,,,,,,,,,,
12/07/2015,14.52 ,8160,2990,4.86 ,0.0437 ,6.66,38,436,1068,,842,71.84 ,66,7.23,39,29,23,,,,,,,,,,,,,,,,,,,,,,,,
13/07/2015,12.56 ,8160,2586,4.86 ,0.0495 ,6.86,38,588,972,,771,70.19 ,60,7.4,38,37,23,,,,,,,,,,,,,,,,,,,,,,,,
14/07/2015,12.68 ,8160,2611,4.86 ,0.0452 ,6.85,37,132,1074,,716,72.58 ,72,7.29,38,37,22,,,,,,,,,,,,,,,,,,,,,,,,
15/07/2015,12.23 ,7920,2594,4.71 ,0.0471 ,6.84,37,292,1020,,741,71.43 ,42,7.36,37,35,22,,,,,,,,,,,,,,,,,,,,,,,,
16/07/2015,13.27 ,8160,2733,4.86 ,0.0447 ,6.9,37,426,1092,,762,72.12 ,60,7.44,37,28,22,,,,,,,,,,,,,,,,,,,,,,,,
17/07/2015,12.49 ,7920,2649,4.71 ,0.0504 ,6.91,36,210,1098,,745,71.88 ,96,7.34,37,31,21,,,,,,,,,,,,,,,,,,,,,,,,
18/07/2015,12.19 ,7920,2586,4.71 ,0.0556 ,6.98,36,389,1104,,796,69.22 ,78,7.36,36,32,20,,,,,,,,,,,,,,,,,,,,,,,,
19/07/2015,11.12 ,7200,2594,4.29 ,0.0274 ,6.95,36,190,1350,,632,75.64 ,54,7.39,36,29,22,,,,,,,,,,,,,,,,,,,,,,,,
20/07/2015,11.84 ,7440,2674,4.43 ,0.0469 ,6.47,39,265,1116,,695,74.01 ,84,7.36,38,28,22,,,,,,,,,,,,,,,,,,,,,,,,
21/07/2015,12.59 ,7680,2754,4.57 ,0.0448 ,6.34,39,275,1218,,712,74.15 ,72,7.09,38,32,22,,,,,,,,,,,,,,,,,,,,,,,,
22/07/2015,14.68 ,8400,2935,5.00 ,0.0470 ,6.51,38,282,1158,,821,72.03 ,72,7.08,38,33,24,,,,,,,,,,,,,,,,,,,,,,,,
23/07/2015,13.08 ,8400,2615,5.00 ,0.0490 ,6.48,39,298,1008,,657,74.88 ,54,7.11,37,31,23,,,,,,,,,,,,,,,,,,,,,,,,
24/07/2015,13.71 ,8400,2741,5.00 ,0.0505 ,6.43,39,300,1062,,737,73.11 ,60,7.15,39,31,22,,,,,,,,,,,,,,,,,,,,,,,,
25/07/2015,14.99 ,8400,2998,5.00 ,0.0485 ,6.56,39,238,1158,,758,74.72 ,84,7.3,39,33,24,,,,,,,,,,,,,,,,,,,,,,,,
26/07/2015,13.24 ,8160,2726,4.86 ,0.0549 ,6.66,39,275,1020,,731,73.18 ,60,7.27,38,34,24,,,,,,,,,,,,,,,,,,,,,,,,
27/07/2015,13.66 ,8160,2812,4.86 ,0.0476 ,6.64,38,349,1134,,695,75.28 ,48,7.18,39,35,25,,,,,,,,,,,,,,,,,,,,,,,,
28/07/2015,12.97 ,7920,2751,4.71 ,0.0457 ,6.67,39,258,1068,,723,73.72 ,60,7.19,39,34,26,,,,,,,,,,,,,,,,,,,,,,,,
29/07/2015,12.81 ,7680,2803,4.57 ,0.0384 ,6.61,38,240,1206,,691,75.35 ,66,7.27,38,35,27,,,,,,,,,,,,,,,,,,,,,,,,
30/07/2015,14.06 ,8400,2812,5.00 ,0.0410 ,6.35,39,296,1188,,748,73.40 ,66,7.15,38.5,35,25,,,,,,,,,,,,,,,,,,,,,,,,
31/07/2015,13.70 ,7920,2906,4.71 ,0.0453 ,6.49,39,250,1032,,724,75.09 ,72,7.09,39,32,24,,,,,,,,,,,,,,,,,,,,,,,,
01/08/2015,14.34 ,7680,3137,4.57 ,0.0384 ,6.52,39,352,1158,,837,73.32 ,48,6.94,40,32,25,,,,,,,,,,,,,,,,,,,,,,,,
02/08/2015,13.27 ,7200,3096,4.29 ,0.0390 ,6.62,38,273,1080,,809,73.87 ,48,7.06,39.5,34,28,,,,,,,,,,,,,,,,,,,,,,,,
03/08/2015,10.88 ,6960,2625,4.14 ,0.0369 ,6.59,38,123,990,,662,74.78 ,36,7.18,38,33,25,,,,,,,,,,,,,,,,,,,,,,,,
04/08/2015,9.65 ,8400,1930,5.00 ,0.0450 ,6.57,37,292,756,,609,68.45 ,30,7.34,38,27,24,,,,,,,,,,,,,,,,,,,,,,,,
05/08/2015,10.36 ,7920,2198,4.71 ,0.0339 ,6.49,38,147,888,,577,73.75 ,30,7.1,38,32,24,,,,,,,,,,,,,,,,,,,,,,,,
06/08/2015,10.63 ,8400,2125,5.00 ,0.0410 ,6.4,38,205,840,,646,69.60 ,78,7.08,38.1,30,23,,,,,,,,,,,,,,,,,,,,,,,,
07/08/2015,14.43 ,8400,2885,5.00 ,0.0410 ,6.49,38,404,1038,,662,77.05 ,72,7,38,30,23,,,,,,,,,,,,,,,,,,,,,,,,
10/08/2015,11.11 ,6000,3112,3.57 ,0.0457 ,6.4,39,621,1392,,883,71.63 ,48,6.92,41,31,20,,,,,,,,,,,,,,,,,,,,,,,,
11/08/2015,3.63 ,2400,2538,1.43 ,0.0176 ,6.32,38,530,1110,,753,70.33 ,48,7.11,38,30,21,,,,,,,,,,,,,,,,,,,,,,,,
14/08/2015,11.84 ,7680,2590,4.57 ,0.0453 ,6.35,39,699,1110,,713,72.47 ,24,7.14,39.8,33,22,,,,,,,,,,,,,,,,,,,,,,,,
15/08/2015,11.87 ,7440,2681,4.43 ,0.0496 ,6.3,39,611,1056,,717,73.26 ,42,7.25,38,29,21,,,,,,,,,,,,,,,,,,,,,,,,
16/08/2015,13.71 ,8400,2741,5.00 ,0.0485 ,6.2,39,375,1158,,685,75.01 ,60,7.04,39,32,21,,,,,,,,,,,,,,,,,,,,,,,,
17/08/2015,13.57 ,8400,2713,5.00 ,0.0530 ,6.22,39,761,1116,,721,73.42 ,48,7,39.5,32,22,,,,,,,,,,,,,,,,,,,,,,,,
18/08/2015,12.96 ,7200,3024,4.29 ,0.0424 ,6.26,39,563,1296,,924,69.44 ,42,7.09,40,32,22,,,,,,,,,,,,,,,,,,,,,,,,
19/08/2015,14.98 ,8400,2996,5.00 ,0.0520 ,6.24,39,448,1230,,920,69.29 ,66,7.09,40,30,21,,,,,,,,,,,,,,,,,,,,,,,,
20/08/2015,15.02 ,8400,3004,5.00 ,0.0535 ,6.2,39,614,1218,,927,69.14 ,36,7.13,40,30,21,,,,,,,,,,,,,,,,,,,,,,,,
21/08/2015,15.18 ,8640,2951,5.14 ,0.0658 ,6.15,39,795,1392,,814,72.42 ,48,7.14,41,31,19,,,,,,,,,,,,,,,,,,,,,,,,
22/08/2015,13.29 ,7440,3000,4.43 ,0.0394 ,6.1,39,507,1188,,948,68.40 ,48,7.11,40,33,20,,,,,,,,,,,,,,,,,,,,,,,,
23/08/2015,14.25 ,7680,3117,4.57 ,0.0475 ,6.16,39,458,1170,,810,74.01 ,0,7.02,40,31,20,,,,,,,,,,,,,,,,,,,,,,,,
25/08/2015,15.55 ,8400,3109,5.00 ,0.0525 ,6.25,39,490,1188,,976,68.61 ,18,7.3,40.1,27,19,,,,,,,,,,,,,,,,,,,,,,,,
26/08/2015,17.39 ,9360,3121,5.57 ,0.0535 ,6.16,39,688,1176,,818,73.79 ,78,7.05,39.8,27,19,,,,,,,,,,,,,,,,,,,,,,,,
27/08/2015,16.20 ,8880,3064,5.29 ,0.0529 ,6.15,39,816,1152,,839,72.62 ,72,7.01,39.5,28,18,,,,,,,,,,,,,,,,,,,,,,,,
28/08/2015,15.43 ,8640,3000,5.14 ,0.0550 ,6.13,39,642,1128,,887,70.43 ,42,7.06,39.2,30,18,,,,,,,,,,,,,,,,,,,,,,,,
29/08/2015,15.83 ,8400,3165,5.00 ,0.0485 ,6.09,39,646,1206,,867,72.61 ,24,6.95,40,30,17,,,,,,,,,,,,,,,,,,,,,,,,
30/08/2015,14.70 ,8640,2859,5.14 ,0.0494 ,6.13,39,613,1182,,1210,57.68 ,60,6.97,39.3,30,20,,,,,,,,,,,,,,,,,,,,,,,,
31/08/2015,16.92 ,8640,3290,5.14 ,0.0504 ,6.06,39,509,1254,,847,74.26 ,72,7.06,40,29,18,,,,,,,,,,,,,,,,,,,,,,,,
01/09/2015,17.21 ,8640,3347,5.14 ,0.0535 ,6.12,39,580,1284,,1121,66.51 ,66,7.06,39,25,19,,,,,,,,,,,,,,,,,,,,,,,,
02/09/2015,16.51 ,8880,3123,5.29 ,0.0481 ,6.19,39,557,1272,,905,71.02 ,48,6.99,39.1,25,19,,,,,,,,,,,,,,,,,,,,,,,,
03/09/2015,16.42 ,8880,3107,5.29 ,0.0497 ,6.25,39,466,1278,,901,71.00 ,54,7.24,39,30,18,,,,,,,,,,,,,,,,,,,,,,,,
04/09/2015,16.08 ,8640,3127,5.14 ,0.0519 ,6.23,39,608,1206,,749,76.05 ,72,7.14,40,29,19,,,,,,,,,,,,,,,,,,,,,,,,
05/09/2015,12.99 ,8160,2675,4.86 ,0.0486 ,6.38,38,635,1116,,732,72.64 ,42,7.22,37.5,26,17,,,,,,,,,,,,,,,,,,,,,,,,
06/09/2015,13.97 ,8640,2716,5.14 ,0.0576 ,6.34,38,342,1032,,926,65.91 ,66,7.22,38,25,15,,,,,,,,,,,,,,,,,,,,,,,,
07/09/2015,14.43 ,8640,2806,5.14 ,0.0473 ,6.23,39,559,1134,,815,70.96 ,60,7.07,38.5,28,15,,,,,,,,,,,,,,,,,,,,,,,,
08/09/2015,13.65 ,8640,2654,5.14 ,0.0432 ,6.26,39,285,1032,,868,67.29 ,54,6.96,39,29,19,,,,,,,,,,,,,,,,,,,,,,,,
09/09/2015,14.44 ,8880,2732,5.29 ,0.0518 ,6.28,39,450,1104,,761,72.14 ,54,7.04,40,28,20,,,,,,,,,,,,,,,,,,,,,,,,
10/09/2015,16.12 ,8880,3049,5.29 ,0.0529 ,6.31,39,536,1140,,942,69.10 ,60,7.16,39.2,25,18,,,,,,,,,,,,,,,,,,,,,,,,
11/09/2015,17.17 ,9600,3004,5.71 ,0.0577 ,6.3,38,416,1140,,946,68.51 ,96,7.18,38,22,14,,,,,,,,,,,,,,,,,,,,,,,,
12/09/2015,16.13 ,9600,2823,5.71 ,0.0640 ,6.43,37,203,1140,,786,72.16 ,132,7.31,37.1,23,11,,,,,,,,,,,,,,,,,,,,,,,,
13/09/2015,16.05 ,9360,2881,5.57 ,0.0624 ,6.37,37,334,1092,,1049,63.59 ,108,7.26,36.5,26,14,,,,,,,,,,,,,,,,,,,,,,,,
14/09/2015,15.59 ,8160,3210,4.86 ,0.0539 ,6.41,38,379,1134,,1049,67.32 ,54,7.2,38.5,26,15,,,,,,,,,,,,,,,,,,,,,,,,
15/09/2015,16.29 ,9120,3000,5.43 ,0.0575 ,6.23,38,523,1218,,872,70.93 ,108,7.15,39,26,14,,,,,,,,,,,,,,,,,,,,,,,,
16/09/2015,15.62 ,8880,2955,5.29 ,0.0449 ,6.19,39,303,1110,,737,75.06 ,96,7.15,39,27,14,,,,,,,,,,,,,,,,,,,,,,,,
17/09/2015,15.59 ,8160,3210,4.86 ,0.0379 ,6.28,39,372,1266,,988,69.22 ,78,7.08,40,28,18,,,,,,,,,,,,,,,,,,,,,,,,
18/09/2015,16.07 ,9120,2961,5.43 ,0.0543 ,6.19,39,269,1080,,873,70.52 ,48,7.05,39.5,25,16,,,,,,,,,,,,,,,,,,,,,,,,
19/09/2015,16.14 ,9120,2974,5.43 ,0.0559 ,6.24,39,389,1128,,1021,65.67 ,60,7.1,39.2,27,15,,,,,,,,,,,,,,,,,,,,,,,,
20/09/2015,15.56 ,9360,2792,5.57 ,0.0501 ,6.26,38,207,1152,,856,69.34 ,90,7.1,39,29,13,,,,,,,,,,,,,,,,,,,,,,,,
21/09/2015,15.68 ,9120,2889,5.43 ,0.0575 ,6.27,38,290,1068,,987,65.84 ,90,7.16,38,29,18,,,,,,,,,,,,,,,,,,,,,,,,
22/09/2015,13.56 ,8880,2565,5.29 ,0.0539 ,6.41,38,289,1110,,759,70.41 ,84,7.2,38,26,18,,,,,,,,,,,,,,,,,,,,,,,,
23/09/2015,14.45 ,8880,2733,5.29 ,0.0566 ,6.32,38,373,1026,,772,71.75 ,24,7.18,38,28,18,,,,,,,,,,,,,,,,,,,,,,,,
24/09/2015,17.31 ,9600,3029,5.71 ,0.0526 ,6.14,39,330,1110,,827,72.70 ,36,6.98,39,28,17,,,,,,,,,,,,,,,,,,,,,,,,
25/09/2015,16.24 ,9360,2915,5.57 ,0.0585 ,6.15,39,253,1038,,957,67.17 ,84,7.12,39,27,15,,,,,,,,,,,,,,,,,,,,,,,,
26/09/2015,16.10 ,9360,2889,5.57 ,0.0613 ,6.25,39,268,984,,886,69.33 ,48,7.14,39,28,12,,,,,,,,,,,,,,,,,,,,,,,,
27/09/2015,18.22 ,9600,3189,5.71 ,0.0611 ,6.14,39,490,1116,,1050,67.07 ,54,7.02,39,29,16,,,,,,,,,,,,,,,,,,,,,,,,
28/09/2015,17.14 ,9600,2999,5.71 ,0.0497 ,6.14,39,271,1152,,844,71.86 ,72,7.03,39.9,27,16,,,,,,,,,,,,,,,,,,,,,,,,
29/09/2015,17.79 ,9360,3193,5.57 ,0.0568 ,6.15,39,196,1080,,970,69.62 ,84,7.01,38,25,16,,,,,,,,,,,,,,,,,,,,,,,,
30/09/2015,15.35 ,7920,3256,4.71 ,0.0448 ,6.09,38,442,1176,,907,72.14 ,84,6.99,38,25,18,,,,,,,,,,,,,,,,,,,,,,,,
01/10/2015,17.70 ,8400,3539,5.00 ,0.0545 ,6.1,38,278,1224,,966,72.70 ,48,7.09,38,20,10,,,,,,,,,,,,,,,,,,,,,,,,
02/10/2015,12.29 ,6480,3186,3.86 ,0.0409 ,6.34,37,214,1230,,828,74.01 ,48,7.26,37,27,11,,,,,,,,,,,,,,,,,,,,,,,,
03/10/2015,15.44 ,8400,3087,5.00 ,0.0550 ,6.36,36.6,365,1236,,1070,65.34 ,84,7.32,36,28,15,,,,,,,,,,,,,,,,,,,,,,,,
04/10/2015,13.25 ,8160,2727,4.86 ,0.0505 ,6.45,37,230,1242,,820,69.93 ,66,7.31,36,27,16,,,,,,,,,,,,,,,,,,,,,,,,
05/10/2015,14.66 ,8640,2850,5.14 ,0.0617 ,6.22,38,403,1164,,861,69.79 ,96,7.21,37,28,14,,,,,,,,,,,,,,,,,,,,,,,,
06/10/2015,14.97 ,8640,2911,5.14 ,0.0576 ,6.03,38,179,1080,,861,70.42 ,36,7.11,38.2,28,17,,,,,,,,,,,,,,,,,,,,,,,,
07/10/2015,13.41 ,8400,2681,5.00 ,0.0590 ,6.49,38,182,1062,,713,73.41 ,60,6.99,38,25,13,,,,,,,,,,,,,,,,,,,,,,,,
08/10/2015,14.95 ,8640,2907,5.14 ,0.0581 ,6.11,37,449,1092,,943,67.56 ,120,7.11,36.8,21,8,,,,,,,,,,,,,,,,,,,,,,,,
09/10/2015,15.12 ,8640,2940,5.14 ,0.0535 ,6.13,36,308,1170,,865,70.58 ,60,7,36,23,6,,,,,,,,,,,,,,,,,,,,,,,,
10/10/2015,14.38 ,8640,2796,5.14 ,0.0504 ,6.12,35,303,1104,,865,69.06 ,96,7.11,35,17,7,,,,,,,,,,,,,,,,,,,,,,,,
11/10/2015,14.13 ,8880,2673,5.29 ,0.0476 ,6.1,34,325,1140,,869,67.49 ,84,6.94,35.5,19,8,,,,,,,,,,,,,,,,,,,,,,,,
12/10/2015,15.25 ,8880,2886,5.29 ,0.0455 ,6.07,34.5,300,1146,,943,67.33 ,120,6.92,36,22,8,,,,,,,,,,,,,,,,,,,,,,,,
13/10/2015,13.80 ,7200,3219,4.29 ,0.0463 ,6.32,35,232,1068,,927,71.20 ,108,7,34,26,10,,,,,,,,,,,,,,,,,,,,,,,,
14/10/2015,13.18 ,7200,3075,4.29 ,0.0463 ,6.35,35,145,972,,861,72.00 ,30,7.13,34.5,27,13,,,,,,,,,,,,,,,,,,,,,,,,
15/10/2015,16.63 ,9120,3063,5.43 ,0.0461 ,6.17,37,220,1194,,808,73.62 ,84,7.23,36,26,11,,,,,,,,,,,,,,,,,,,,,,,,
16/10/2015,14.82 ,8880,2803,5.29 ,0.0523 ,6.21,37,404,1188,,849,69.71 ,60,7.15,37,27,12,,,,,,,,,,,,,,,,,,,,,,,,
17/10/2015,14.59 ,8640,2836,5.14 ,0.0519 ,6.3,37,358,1050,,987,65.20 ,60,7.22,36.5,28,13,,,,,,,,,,,,,,,,,,,,,,,,
18/10/2015,15.00 ,8400,3000,5.00 ,0.0560 ,6.51,37,379,1038,,807,73.10 ,78,7.18,37.5,23,13,,,,,,,,,,,,,,,,,,,,,,,,
19/10/2015,10.91 ,7680,2387,4.57 ,0.0494 ,6.49,35,309,960,,874,63.39 ,36,7.03,34.8,26,14,,,,,,,,,,,,,,,,,,,,,,,,
20/10/2015,8.04 ,6240,2164,3.71 ,0.0420 ,6.42,35,317,792,,849,60.77 ,30,7.19,34.5,26,12,,,,,,,,,,,,,,,,,,,,,,,,
09/11/2015,16.51 ,8400,3301,5.00 ,0.0430 ,6.21,29,151,1098,,919,72.16 ,120,6.93,30.5,13,2,,,,,,,,,,,,,,,,,,,,,,,,
10/11/2015,17.43 ,8640,3390,5.14 ,0.0483 ,6.17,31,125,1098,,1124,66.84 ,108,6.93,32,12,3,,,,,,,,,,,,,,,,,,,,,,,,
11/11/2015,7.05 ,3600,3289,2.14 ,0.0169 ,6.22,31,221,1242,,1133,65.55 ,132,7.08,31.2,12,3,,,,,,,,,,,,,,,,,,,,,,,,
12/11/2015,8.24 ,5040,2748,3.00 ,0.0318 ,6.22,31,51,1056,,894,67.47 ,84,6.96,31,12,7,,,,,,,,,,,,,,,,,,,,,,,,
13/11/2015,10.54 ,6720,2634,4.00 ,0.0436 ,6.32,31,177,1056,,915,65.26 ,84,6.92,31,11,7,,,,,,,,,,,,,,,,,,,,,,,,
14/11/2015,7.57 ,6240,2039,3.71 ,0.0353 ,6.35,29,224,714,,948,53.51 ,72,6.97,29,14,7,,,,,,,,,,,,,,,,,,,,,,,,
15/11/2015,9.78 ,6240,2634,3.71 ,0.0364 ,6.24,33,281,1068,,1032,60.82 ,96,7.03,32,15,8,,,,,,,,,,,,,,,,,,,,,,,,
16/11/2015,12.44 ,6480,3226,3.86 ,0.0432 ,6.22,33,244,1266,,1070,66.83 ,120,7.02,34,12,9,,,,,,,,,,,,,,,,,,,,,,,,
17/11/2015,15.21 ,7920,3226,4.71 ,0.0471 ,6.15,32,297,1410,,1170,63.73 ,252,7.09,32,12,4,,,,,,,,,,,,,,,,,,,,,,,,
18/11/2015,11.33 ,6000,3172,3.57 ,0.0404 ,6.33,31,305,1224,,1064,66.46 ,156,7.13,31.8,10,2,,,,,,,,,,,,,,,,,,,,,,,,
19/11/2015,7.09 ,4800,2480,2.86 ,0.0320 ,6.32,31,211,1236,,880,64.52 ,132,7.15,31,12,4,,,,,,,,,,,,,,,,,,,,,,,,
20/11/2015,10.68 ,5760,3116,3.43 ,0.0343 ,6.23,30.5,292,1206,,920,70.47 ,90,7.15,31,11,6,,,,,,,,,,,,,,,,,,,,,,,,
21/11/2015,10.85 ,6240,2920,3.71 ,0.0360 ,6.28,32,370,1146,,1000,65.75 ,102,7.14,32,10,6,,,,,,,,,,,,,,,,,,,,,,,,
22/11/2015,9.06 ,5280,2884,3.14 ,0.0327 ,6.28,29.5,320,1170,,880,69.49 ,138,7.14,31.5,8,3,,,,,,,,,,,,,,,,,,,,,,,,
23/11/2015,11.56 ,6000,3236,3.57 ,0.0350 ,6.22,28.8,249,1212,,904,72.06 ,120,7.1,29,5,-2,,,,,,,,,,,,,,,,,,,,,,,,
24/11/2015,13.07 ,6240,3520,3.71 ,0.0394 ,6.22,29,392,1206,,1132,67.84 ,222,7.07,31,2,-5,,,,,,,,,,,,,,,,,,,,,,,,
25/11/2015,10.26 ,4800,3592,2.86 ,0.0337 ,6.29,27,225,1248,,1116,68.93 ,144,7.06,30,0,-9,,,,,,,,,,,,,,,,,,,,,,,,
26/11/2015,10.42 ,4800,3648,2.86 ,0.0311 ,6.25,26,432,1410,,988,72.92 ,150,7.08,29,-2,-12,,,,,,,,,,,,,,,,,,,,,,,,
28/11/2015,8.11 ,4800,2840,2.86 ,0.0266 ,6.31,29,152,1434,,1000,64.79 ,168,7.06,29,6,-5,,,,,,,,,,,,,,,,,,,,,,,,
29/11/2015,10.71 ,4800,3748,2.86 ,0.0303 ,6.31,32,662,1566,,1076,71.29 ,162,6.92,30,6,-4,,,,,,,,,,,,,,,,,,,,,,,,
30/11/2015,10.10 ,4800,3536,2.86 ,0.0297 ,6.39,31,370,1488,,944,73.30 ,186,7.16,31,7,3,,,,,,,,,,,,,,,,,,,,,,,,
01/12/2015,8.64 ,4800,3024,2.86 ,0.0277 ,6.36,32,305,1350,,959,68.29 ,162,7.13,31,10,1,,,,,,,,,,,,,,,,,,,,,,,,
03/12/2015,10.92 ,4560,4023,2.71 ,0.0312 ,6.33,31.4,654,1500,,1126,72.01 ,162,7.17,32,4,-4,,,,,,,,,,,,,,,,,,,,,,,,
04/12/2015,9.46 ,4800,3311,2.86 ,0.0291 ,6.23,31,238,1470,,1110,66.48 ,162,7.02,31,6,-2,,,,,,,,,,,,,,,,,,,,,,,,
05/12/2015,8.45 ,4800,2956,2.86 ,0.0183 ,6.29,33,811,1626,,1162,60.69 ,168,7.03,31,6,-4,,,,,,,,,,,,,,,,,,,,,,,,
06/12/2015,11.60 ,4800,4059,2.86 ,0.0380 ,6.28,33,451,1764,,1158,71.47 ,150,7.68,31,8,0,,,,,,,,,,,,,,,,,,,,,,,,
07/12/2015,7.51 ,4560,2765,2.71 ,0.0318 ,6.21,33,847,1458,,852,69.19 ,114,7.06,32.5,8,0,,,,,,,,,,,,,,,,,,,,,,,,
08/12/2015,9.10 ,4560,3354,2.71 ,0.0309 ,6.17,32,1064,1566,,895,73.32 ,162,7.15,32.5,10,2,,,,,,,,,,,,,,,,,,,,,,,,
09/12/2015,9.51 ,4320,3700,2.57 ,0.0237 ,6.17,33,874,1614,,947,74.41 ,114,7.12,31,11,5,,,,,,,,,,,,,,,,,,,,,,,,
10/12/2015,11.35 ,4800,3971,2.86 ,0.0254 ,6.17,33,822,1752,,1027,74.14 ,150,7.1,34,10,2,,,,,,,,,,,,,,,,,,,,,,,,
11/12/2015,9.41 ,4800,3295,2.86 ,0.0323 ,6.1,33,680,1632,,991,69.92 ,126,6.97,33,4,-1,,,,,,,,,,,,,,,,,,,,,,,,
12/12/2015,8.42 ,4800,2946,2.86 ,0.0263 ,6.21,31,611,1302,,855,70.98 ,126,7.03,31,6,-4,,,,,,,,,,,,,,,,,,,,,,,,
13/12/2015,6.56 ,4800,2296,2.86 ,0.0277 ,6.19,30,723,1302,,844,63.24 ,120,7.06,29.8,7,-2,,,,,,,,,,,,,,,,,,,,,,,,
14/12/2015,9.65 ,5520,2937,3.29 ,0.0276 ,6.08,32,973,1518,,832,71.67 ,156,6.99,31,7,-2,,,,,,,,,,,,,,,,,,,,,,,,
15/12/2015,11.73 ,5760,3422,3.43 ,0.0405 ,6.29,31,579,1470,,967,71.74 ,180,7.11,30.8,5,-4,,,,,,,,,,,,,,,,,,,,,,,,
16/12/2015,11.84 ,6000,3315,3.57 ,0.0314 ,6.27,30,501,1614,,1004,69.71 ,192,7.08,30,1,-8,,,,,,,,,,,,,,,,,,,,,,,,
17/12/2015,9.75 ,5520,2968,3.29 ,0.0325 ,6.13,30,490,1566,,1076,63.75 ,324,6.91,29,3,-6,,,,,,,,,,,,,,,,,,,,,,,,
18/12/2015,11.05 ,5760,3223,3.43 ,0.0333 ,6.2,32,558,1512,,1052,67.36 ,228,7.06,31.5,7,-6,,,,,,,,,,,,,,,,,,,,,,,,
19/12/2015,8.73 ,6720,2183,4.00 ,0.0680 ,6.57,29,412,984,,820,62.44 ,106.2,6.99,28.8,6,-1,,,,,,,,,,,,,,,,,,,,,,,,
20/12/2015,10.80 ,7680,2363,4.57 ,0.0722 ,6.62,30,545,1128,,956,59.54 ,228,7.16,30.5,6,-2,,,,,,,,,,,,,,,,,,,,,,,,
21/12/2015,10.20 ,7680,2231,4.57 ,0.0832 ,6.62,30,483,1092,,936,58.05 ,222,7.17,29.5,8,-2,,,,,,,,,,,,,,,,,,,,,,,,
22/12/2015,11.85 ,8400,2370,5.00 ,0.0745 ,6.53,31,346,1200,,837,64.68 ,138,7.23,30.5,8,1,,,,,,,,,,,,,,,,,,,,,,,,
23/12/2015,7.76 ,6480,2012,3.86 ,0.0617 ,6.7,31,258,1224,,876,56.46 ,102,7.25,29,8,-2,,,,,,,,,,,,,,,,,,,,,,,,
24/12/2015,8.38 ,6720,2096,4.00 ,0.0472 ,6.63,31,449,1116,,653,68.85 ,84,7.31,29,6,-4,,,,,,,,,,,,,,,,,,,,,,,,
25/12/2015,11.68 ,7200,2725,4.29 ,0.0489 ,6.37,31,461,1446,,761,72.07 ,162,7.22,29,9,-3,,,,,,,,,,,,,,,,,,,,,,,,
26/12/2015,12.71 ,7680,2781,4.57 ,0.0571 ,6.38,31,813,1392,,1116,59.87 ,144,7.12,30.8,7,-5,,,,,,,,,,,,,,,,,,,,,,,,
27/12/2015,11.87 ,7920,2518,4.71 ,0.0688 ,6.51,30,561,1152,,805,68.03 ,102,7.13,30,0,-7,,,,,,,,,,,,,,,,,,,,,,,,
28/12/2015,12.83 ,7920,2722,4.71 ,0.0585 ,6.33,30,464,1152,,1052,61.35 ,204,6.99,29.8,4,-5,,,,,,,,,,,,,,,,,,,,,,,,
29/12/2015,14.05 ,8160,2893,4.86 ,0.0559 ,6.4,31,585,1212,,1503,48.05 ,276,7.07,31,7,-3,,,,,,,,,,,,,,,,,,,,,,,,
30/12/2015,10.26 ,7440,2316,4.43 ,0.0682 ,6.52,30,441,984,,939,59.46 ,144,7.09,29.5,6,-6,,,,,,,,,,,,,,,,,,,,,,,,
31/12/2015,12.76 ,7440,2881,4.43 ,0.0554 ,6.26,31,237,1266,,1024,64.46 ,72,7.02,30,6,-2,,,,,,,,,,,,,,,,,,,,,,,,
01/01/2016,11.79 ,8400,2357,5.00 ,0.0760 ,6.6,31,447,1068,,739,68.65 ,150,7.18,30,10,-2,,,,,,,,,,,,,,,,,,,,,,,,
02/01/2016,11.88 ,7440,2682,4.43 ,0.0567 ,6.63,32,407,1140,,691,74.24 ,168,7.12,32,12,-2,,,,,,,,,,,,,,,,,,,,,,,,
03/01/2016,15.22 ,8400,3043,5.00 ,0.0480 ,6.32,33,656,1326,,886,70.88 ,138,6.96,33,9,-3,,,,,,,,,,,,,,,,,,,,,,,,
04/01/2016,14.86 ,7440,3356,4.43 ,0.0523 ,6.47,33.6,834,1224,,918,72.65 ,126,7.08,33.5,4,-3,,,,,,,,,,,,,,,,,,,,,,,,
05/01/2016,15.27 ,7680,3340,4.57 ,0.0503 ,6.47,33.5,137,1182,,1105,66.92 ,108,7.02,33,4,-4,,,,,,,,,,,,,,,,,,,,,,,,
06/01/2016,16.05 ,7200,3746,4.29 ,0.0373 ,6.26,34.5,345,1302,,1260,66.36 ,168,7,35,5,-6,,,,,,,,,,,,,,,,,,,,,,,,
07/01/2016,13.91 ,7200,3246,4.29 ,0.0424 ,6.34,30,150,1302,,1020,68.58 ,186,7.04,30,2,-8,,,,,,,,,,,,,,,,,,,,,,,,
08/01/2016,8.20 ,6960,1979,4.14 ,0.0663 ,6.62,29.5,76,990,,898,54.62 ,78,7.04,29,3,-10,,,,,,,,,,,,,,,,,,,,,,,,
09/01/2016,9.78 ,6720,2446,4.00 ,0.0632 ,6.63,30,141,1200,,1089,55.48 ,114,7.14,29,5,-6,,,,,,,,,,,,,,,,,,,,,,,,
10/01/2016,13.65 ,7200,3185,4.29 ,0.0497 ,6.42,30,140,1482,,1178,63.01 ,198,7.08,29,6,-6,,,,,,,,,,,,,,,,,,,,,,,,
11/01/2016,12.83 ,6720,3207,4.00 ,0.0476 ,6.43,31,223,1476,,1012,68.44 ,150,7.06,31,0,-8,,,,,,,,,,,,,,,,,,,,,,,,
12/01/2016,11.96 ,6960,2886,4.14 ,0.0580 ,6.57,30,122,1224,,976,66.18 ,150,7.08,30,0,-9,,,,,,,,,,,,,,,,,,,,,,,,
13/01/2016,13.68 ,7200,3191,4.29 ,0.0583 ,6.36,30,191,1308,,1122,64.84 ,270,7.08,29,3,-9,,,,,,,,,,,,,,,,,,,,,,,,
14/01/2016,12.91 ,7200,3012,4.29 ,0.0574 ,6.5,31,173,1320,,1134,62.35 ,222,7.03,30,6,-8,,,,,,,,,,,,,,,,,,,,,,,,
15/01/2016,11.20 ,7200,2614,4.29 ,0.0634 ,6.69,31,155,1284,,854,67.33 ,150,7.17,29.5,6,-6,,,,,,,,,,,,,,,,,,,,,,,,
16/01/2016,11.97 ,7200,2793,4.29 ,0.0626 ,6.67,30,167,1308,,691,75.26 ,84,7.14,29.5,8,-3,,,,,,,,,,,,,,,,,,,,,,,,
17/01/2016,12.68 ,7200,2959,4.29 ,0.0669 ,6.63,30,452,1332,,846,71.41 ,126,7.13,30,0,-8,,,,,,,,,,,,,,,,,,,,,,,,
18/01/2016,12.13 ,7440,2740,4.43 ,0.0753 ,6.65,29,332,1200,,870,68.25 ,132,7.06,29.5,-3,-12,,,,,,,,,,,,,,,,,,,,,,,,
19/01/2016,10.65 ,7200,2484,4.29 ,0.0703 ,6.59,29,340,1170,,785,68.40 ,66,7.18,28,-1,-12,,,,,,,,,,,,,,,,,,,,,,,,
20/01/2016,11.04 ,7200,2577,4.29 ,0.0699 ,6.43,27,372,1248,,949,63.17 ,120,7.2,27,-1,-8,,,,,,,,,,,,,,,,,,,,,,,,
21/01/2016,9.18 ,7200,2142,4.29 ,0.0677 ,6.41,28,380,1164,,744,65.27 ,102,7.16,28,1,-8,,,,,,,,,,,,,,,,,,,,,,,,
22/01/2016,10.28 ,7200,2398,4.29 ,0.0311 ,6.38,29,488,1296,,762,68.22 ,72,7.04,29,-3,-14,,,,,,,,,,,,,,,,,,,,,,,,
23/01/2016,10.63 ,7200,2480,4.29 ,0.0583 ,6.46,29,395,1164,,890,64.11 ,84,7.05,28.8,-10,-22,,,,,,,,,,,,,,,,,,,,,,,,
29/01/2016,11.20 ,7440,2528,4.43 ,0.0638 ,6.37,29,278,744,,774,69.38 ,42,6.92,28,1,-6,,,,,,,,,,,,,,,,,,,,,,,,
30/01/2016,9.73 ,7680,2129,4.57 ,0.0667 ,6.46,27,378,798,,564,73.51 ,30,7.04,27,-1,-8,,,,,,,,,,,,,,,,,,,,,,,,
31/01/2016,8.43 ,6960,2036,4.14 ,0.0646 ,6.38,27,308,762,,766,62.38 ,42,7.02,27,-1,-9,,,,,,,,,,,,,,,,,,,,,,,,
01/02/2016,11.39 ,6960,2750,4.14 ,0.0485 ,6.45,28,407,1008,,718,73.89 ,78,6.78,27,3,-9,,,,,,,,,,,,,,,,,,,,,,,,
02/02/2016,10.78 ,7440,2435,4.43 ,0.0523 ,6.39,29,250,1056,,782,67.89 ,72,6.98,28.5,5,-6,,,,,,,,,,,,,,,,,,,,,,,,
03/02/2016,10.83 ,7200,2528,4.29 ,0.0566 ,6.62,29,189,1008,,762,69.86 ,78,7.02,28,8,-3,,,,,,,,,,,,,,,,,,,,,,,,
04/02/2016,11.00 ,7440,2484,4.43 ,0.0527 ,6.44,30,172,1050,,726,70.77 ,48,6.98,28.5,5,-7,,,,,,,,,,,,,,,,,,,,,,,,
05/02/2016,11.94 ,7440,2697,4.43 ,0.0514 ,6.44,29,253,1140,,702,73.97 ,66,7.11,28.5,5,-7,,,,,,,,,,,,,,,,,,,,,,,,
06/02/2016,6.23 ,5040,2076,3.00 ,0.0540 ,6.44,26.5,328,846,,605,70.86 ,72,7.24,26.5,4,-7,,,,,,,,,,,,,,,,,,,,,,,,
07/02/2016,7.18 ,5280,2285,3.14 ,0.0368 ,6.48,28,371,996,,597,73.87 ,24,7.25,26,8,-4,,,,,,,,,,,,,,,,,,,,,,,,
08/02/2016,6.09 ,6720,1523,4.00 ,0.0720 ,6.45,29,103,750,,581,61.85 ,42,7.3,28,14,-5,,,,,,,,,,,,,,,,,,,,,,,,
09/02/2016,5.39 ,6720,1347,4.00 ,0.0792 ,6.34,27,159,714,,557,58.65 ,48,7.45,27,12,0,,,,,,,,,,,,,,,,,,,,,,,,
10/02/2016,5.88 ,6720,1469,4.00 ,0.0480 ,6.42,27,154,804,,621,57.73 ,48,7.21,28,16,3,,,,,,,,,,,,,,,,,,,,,,,,
11/02/2016,4.69 ,5520,1427,3.29 ,0.0460 ,6.39,29,181,654,,597,58.16 ,66,7.24,29,13,4,,,,,,,,,,,,,,,,,,,,,,,,
13/02/2016,5.02 ,4080,2069,2.43 ,0.0359 ,6.84,27,655,948,,695,66.41 ,54,7.28,27,2,-6,,,,,,,,,,,,,,,,,,,,,,,,
14/02/2016,4.46 ,3600,2081,2.14 ,0.0321 ,7,24,547,876,,741,64.39 ,30,7.09,24,-2,-11,,,,,,,,,,,,,,,,,,,,,,,,
18/02/2016,8.97 ,6720,2242,4.00 ,0.0376 ,6.73,26,370,1272,,746,66.73 ,96,7.19,25,9,-2,,,,,,,,,,,,,,,,,,,,,,,,
19/02/2016,5.95 ,4800,2081,2.86 ,0.0386 ,6.76,24,193,894,,707,66.03 ,60,7.28,24,10,-5,,,,,,,,,,,,,,,,,,,,,,,,
20/02/2016,3.16 ,3360,1582,2.00 ,0.0316 ,6.95,24,207,678,,707,55.31 ,60,7.3,24,5,-7,,,,,,,,,,,,,,,,,,,,,,,,
21/02/2016,8.70 ,7920,1845,4.71 ,0.0608 ,6.7,23,164,852,,648,64.88 ,54,7.24,22.2,8,1,,,,,,,,,,,,,,,,,,,,,,,,
22/02/2016,9.59 ,7920,2034,4.71 ,0.0608 ,6.46,26,164,852,,687,66.22 ,66,7.05,25,7,-3,,,,,,,,,,,,,,,,,,,,,,,,
23/02/2016,6.35 ,5040,2116,3.00 ,0.0270 ,6.49,27,353,984,,675,68.10 ,42,7.14,27,4,-7,,,,,,,,,,,,,,,,,,,,,,,,
24/02/2016,3.85 ,3600,1798,2.14 ,0.0197 ,6.59,25,686,780,,612,65.96 ,30,7.12,25,7,-4,,,,,,,,,,,,,,,,,,,,,,,,
25/02/2016,4.91 ,6000,1374,3.57 ,0.0336 ,6.65,24,148,564,,628,54.29 ,18,7.16,22.5,8,-2,,,,,,,,,,,,,,,,,,,,,,,,
26/02/2016,8.09 ,6720,2022,4.00 ,0.0284 ,6.43,27,208,786,,1084,46.39 ,54,7.05,26,11,-1,,,,,,,,,,,,,,,,,,,,,,,,
27/02/2016,13.27 ,8400,2654,5.00 ,0.0360 ,6.19,31,191,1050,,973,63.34 ,42,6.97,29,9,0,,,,,,,,,,,,,,,,,,,,,,,,
28/02/2016,12.27 ,6720,3068,4.00 ,0.0252 ,6.24,30,190,1104,,803,73.83 ,102,6.77,29.5,5,-5,,,,,,,,,,,,,,,,,,,,,,,,
29/02/2016,11.98 ,7440,2705,4.43 ,0.0407 ,6.41,29,367,1140,,946,65.03 ,78,7,29,5,-5,,,,,,,,,,,,,,,,,,,,,,,,
01/03/2016,8.82 ,5040,2940,3.00 ,0.0270 ,6.49,29,613,1146,,943,67.93 ,54,7.03,28,12,1,,,,,,,,,,,,,,,,,,,,,,,,
02/03/2016,10.45 ,5760,3049,3.43 ,0.0271 ,6.24,30,193,1212,,817,73.20 ,72,7,29,18,3,,,,,,,,,,,,,,,,,,,,,,,,
03/03/2016,10.39 ,5280,3307,3.14 ,0.0283 ,6.14,33,285,1242,,786,76.23 ,84,6.97,30.5,24,8,,,,,,,,,,,,,,,,,,,,,,,,
04/03/2016,9.62 ,5040,3205,3.00 ,0.0288 ,6.28,33,355,1350,,899,71.95 ,60,7.01,32,23,4,,,,,,,,,,,,,,,,,,,,,,,,
06/03/2016,10.19 ,5280,3241,3.14 ,0.0377 ,6.61,32,300,1314,,743,77.07 ,60,7.28,31,15,3,,,,,,,,,,,,,,,,,,,,,,,,
07/03/2016,11.44 ,6240,3080,3.71 ,0.0427 ,6.4,30,349,1308,,1231,60.03 ,72,7.2,30,15,-2,,,,,,,,,,,,,,,,,,,,,,,,
08/03/2016,12.86 ,6240,3463,3.71 ,0.0215 ,6.18,30,196,1566,,883,74.50 ,72,6.94,29,5,-5,,,,,,,,,,,,,,,,,,,,,,,,
09/03/2016,11.80 ,5760,3443,3.43 ,0.0357 ,6.21,30,182,1338,,803,76.68 ,78,6.91,30,4,-6,,,,,,,,,,,,,,,,,,,,,,,,
10/03/2016,10.03 ,5280,3190,3.14 ,0.0352 ,6.41,30,156,1398,,985,69.12 ,72,7.08,30,7,-6,,,,,,,,,,,,,,,,,,,,,,,,
11/03/2016,9.89 ,5280,3147,3.14 ,0.0352 ,6.55,29,384,1290,,977,68.95 ,96,7.18,29,10,-3,,,,,,,,,,,,,,,,,,,,,,,,
12/03/2016,9.98 ,6480,2588,3.86 ,0.0316 ,6.47,30,387,1314,,887,65.73 ,84,7.08,29,12,0,,,,,,,,,,,,,,,,,,,,,,,,
13/03/2016,11.53 ,6360,3045,3.79 ,0.0356 ,6.48,30,352,1404,,621,79.61 ,84,7.03,30,12,-5,,,,,,,,,,,,,,,,,,,,,,,,
14/03/2016,9.68 ,5760,2822,3.43 ,0.0346 ,6.49,30,213,1290,,907,67.86 ,84,7.27,29,14,1,,,,,,,,,,,,,,,,,,,,,,,,
15/03/2016,7.49 ,5520,2279,3.29 ,0.0407 ,6.64,31,272,1044,,782,65.69 ,42,7.24,30,14,2,,,,,,,,,,,,,,,,,,,,,,,,
17/03/2016,9.88 ,6240,2660,3.71 ,0.0453 ,6.57,31,209,1128,,984,63.01 ,84,7.19,30,20,7,,,,,,,,,,,,,,,,,,,,,,,,
18/03/2016,10.75 ,6480,2788,3.86 ,0.0478 ,6.45,31,265,1116,,900,67.72 ,78,7.18,30,22,4,,,,,,,,,,,,,,,,,,,,,,,,
21/03/2016,11.35 ,7440,2564,4.43 ,0.0487 ,6.69,31,176,1152,,970,62.17 ,84,7.3,30,19,4,,,,,,,,,,,,,,,,,,,,,,,,
22/03/2016,12.08 ,7440,2728,4.43 ,0.0558 ,6.63,31,215,1164,,916,66.42 ,96,7.22,31,18,3,,,,,,,,,,,,,,,,,,,,,,,,
23/03/2016,10.62 ,6960,2564,4.14 ,0.0505 ,6.67,31,112,1068,,816,68.17 ,72,7.31,30.5,11,-2,,,,,,,,,,,,,,,,,,,,,,,,
24/03/2016,11.57 ,7200,2700,4.29 ,0.0527 ,6.64,31,136,1110,,1080,60.00 ,60,7.33,30,13,-2,,,,,,,,,,,,,,,,,,,,,,,,
25/03/2016,11.36 ,6720,2840,4.00 ,0.0484 ,6.8,32,131,1146,,900,68.31 ,72,7.34,33,15,-1,,,,,,,,,,,,,,,,,,,,,,,,
26/03/2016,11.99 ,7440,2708,4.43 ,0.0607 ,6.69,32,174,1098,,848,68.69 ,60,7.43,33.6,17,2,,,,,,,,,,,,,,,,,,,,,,,,
28/03/2016,14.19 ,8640,2760,5.14 ,0.0576 ,6.59,34,205,1206,,960,65.22 ,90,7.33,34.3,23,9,,,,,,,,,,,,,,,,,,,,,,,,
29/03/2016,13.21 ,8160,2720,4.86 ,0.0529 ,6.6,33.6,192,1176,,920,66.18 ,60,7.3,35.5,18,8,,,,,,,,,,,,,,,,,,,,,,,,
31/03/2016,13.50 ,8400,2700,5.00 ,0.0525 ,6.56,34.1,155,1152,,800,70.37 ,48,7.28,35.8,25,13,,,,,,,,,,,,,,,,,,,,,,,,
01/04/2016,12.09 ,6720,3022,4.00 ,0.0400 ,6.47,34.55,444,1206,,795,73.69 ,78,7.16,34,26,11,,,,,,,,,,,,,,,,,,,,,,,,
02/04/2016,13.29 ,7200,3101,4.29 ,0.0420 ,6.51,34.2,284,1314,,934,69.88 ,78,7.16,33,15,5,,,,,,,,,,,,,,,,,,,,,,,,
03/04/2016,12.57 ,7200,2934,4.29 ,0.0446 ,6.42,31,218,1206,,978,66.67 ,60,7.03,31,16,3,,,,,,,,,,,,,,,,,,,,,,,,
05/04/2016,11.69 ,6720,2922,4.00 ,0.0428 ,6.54,32,278,1206,,874,70.09 ,60,7.17,31,23,9,,,,,,,,,,,,,,,,,,,,,,,,
06/04/2016,17.65 ,9840,3014,5.86 ,0.0597 ,6.39,33,331,1266,,835,72.30 ,48,7.04,32,20,10,,,,,,,,,,,,,,,,,,,,,,,,
07/04/2016,15.53 ,8400,3105,5.00 ,0.0460 ,6.4,34,406,1068,,875,71.82 ,66,7.08,32,22,8,,,,,,,,,,,,,,,,,,,,,,,,
08/04/2016,12.44 ,6960,3002,4.14 ,0.0447 ,6.67,34.6,274,936,,835,72.19 ,30,7.11,33,24,9,,,,,,,,,,,,,,,,,,,,,,,,
09/04/2016,14.63 ,8400,2926,5.00 ,0.0460 ,6.55,34.5,226,1128,,779,73.38 ,24,7.12,34,29,9,,,,,,,,,,,,,,,,,,,,,,,,
10/04/2016,13.32 ,8400,2664,5.00 ,0.0500 ,6.56,34,334,972,,704,73.57 ,24,7.03,34,24,6,,,,,,,,,,,,,,,,,,,,,,,,
11/04/2016,15.01 ,8400,3002,5.00 ,0.0415 ,6.49,34,191,984,,911,69.65 ,60,6.93,34,21,7,,,,,,,,,,,,,,,,,,,,,,,,
12/04/2016,15.49 ,8400,3097,5.00 ,0.0350 ,6.56,34,375,1098,,839,72.91 ,48,7.01,34,25,10,,,,,,,,,,,,,,,,,,,,,,,,
13/04/2016,13.69 ,7920,2903,4.71 ,0.0401 ,6.46,34.5,295,1110,,831,71.37 ,30,7.07,34,29,12,,,,,,,,,,,,,,,,,,,,,,,,
14/04/2016,13.29 ,7200,3101,4.29 ,0.0343 ,6.52,34.6,243,1170,,835,73.07 ,54,7.06,35,23,11,,,,,,,,,,,,,,,,,,,,,,,,
